TimeOffset,UpdateTime,ParentName,ChildName,ChildConfirmedCount,ChildSuspectedCount,ChildCuredCount,ChildDeadCount,ChildTreatingCount,ChildCuredRate,ChildDeadRate,ChildTreatingRate,ChildDeadDivideCured,ChildCuredDivideDead,ChildConfirmedCountRate,ChildSuspectedCountRate,ChildCuredCountRate,ChildDeadCountRate,ChildTreatingCountRate,ChildConfirmedNorm,ChildSuspectedNorm,ChildCuredNorm,ChildDeadNorm,ChildTreatingNorm,ChildDeadRateEx,ChildCuredRateEx,ChildTatalConfirmedNorm,ChildTatalSuspectedNorm,ChildTatalCuredNorm,ChildTatalDeadNorm,ChildTatalTreatingNorm
1.464236,"2020-01-25 11:08:30",河南,南阳,8,0,0,0,8,0,0,1,,,0.25,,,,0.25,0.05128205,,0,0,0.06666667,,,0.0001599744,0,0,0,0.0002104875
1.464931,"2020-01-25 11:09:30",河南,南阳,8,0,0,0,8,0,0,1,,,0.25,,,,0.25,0.05128205,,0,0,0.06666667,,,0.0001599744,0,0,0,0.0002104875
1.465637,"2020-01-25 11:10:31",河南,南阳,8,0,0,0,8,0,0,1,,,0.25,,,,0.25,0.05128205,,0,0,0.06666667,,,0.0001599744,0,0,0,0.0002104875
2.361192,"2020-01-26 08:40:07",河南,南阳,8,0,0,0,8,0,0,1,,,0.25,,,,0.25,0.05128205,,0,0,0.06666667,,,0.0001599744,0,0,0,0.0002104875
2.373808,"2020-01-26 08:58:17",河南,南阳,15,0,0,1,14,0,0.06666667,0.9333333,,0,0.1807229,,,1,0.1707317,0.09615385,,0,0.3333333,0.1166667,1,0,0.000299952,0,0,0.0003880481,0.0003683532
2.430544,"2020-01-26 10:19:59",河南,南阳,15,0,0,1,14,0,0.06666667,0.9333333,,0,0.1807229,,,1,0.1707317,0.09615385,,0,0.3333333,0.1166667,1,0,0.000299952,0,0,0.0003880481,0.0003683532
2.43125,"2020-01-26 10:21:00",河南,南阳,15,0,0,1,14,0,0.06666667,0.9333333,,0,0.1807229,,,1,0.1707317,0.09615385,,0,0.3333333,0.1166667,1,0,0.000299952,0,0,0.0003880481,0.0003683532
3.356042,"2020-01-27 08:32:42",河南,南阳,15,0,0,1,14,0,0.06666667,0.9333333,,0,0.1171875,,,1,0.1102362,0.09615385,,0,0.3333333,0.1166667,1,0,0.000299952,0,0,0.0003880481,0.0003683532
3.356748,"2020-01-27 08:33:43",河南,南阳,15,0,0,1,14,0,0.06666667,0.9333333,,0,0.1171875,,,1,0.1102362,0.09615385,,0,0.3333333,0.1166667,1,0,0.000299952,0,0,0.0003880481,0.0003683532
3.357442,"2020-01-27 08:34:43",河南,南阳,15,0,0,1,14,0,0.06666667,0.9333333,,0,0.1171875,,,1,0.1102362,0.09615385,,0,0.3333333,0.1166667,1,0,0.000299952,0,0,0.0003880481,0.0003683532
3.358148,"2020-01-27 08:35:44",河南,南阳,19,0,0,1,18,0,0.05263158,0.9473684,,0,0.1484375,,,1,0.1417323,0.1217949,,0,0.3333333,0.15,1,0,0.0003799392,0,0,0.0003880481,0.000473597
3.358843,"2020-01-27 08:36:44",河南,南阳,19,0,0,1,18,0,0.05263158,0.9473684,,0,0.1484375,,,1,0.1417323,0.1217949,,0,0.3333333,0.15,1,0,0.0003799392,0,0,0.0003880481,0.000473597
3.359549,"2020-01-27 08:37:45",河南,南阳,19,0,0,1,18,0,0.05263158,0.9473684,,0,0.1484375,,,1,0.1417323,0.1217949,,0,0.3333333,0.15,1,0,0.0003799392,0,0,0.0003880481,0.000473597
4.352454,"2020-01-28 08:27:32",河南,南阳,26,0,0,1,25,0,0.03846154,0.9615384,,0,0.1547619,,,1,0.1497006,0.1666667,,0,0.3333333,0.2083333,1,0,0.0005199168,0,0,0.0003880481,0.0006577736
4.359479,"2020-01-28 08:37:39",河南,南阳,26,0,0,1,25,0,0.03846154,0.9615384,,0,0.1547619,,,1,0.1497006,0.1666667,,0,0.3333333,0.2083333,1,0,0.0005199168,0,0,0.0003880481,0.0006577736
5.356377,"2020-01-29 08:33:11",河南,南阳,31,0,0,1,30,0,0.03225806,0.9677419,,0,0.1504854,,0,0.5,0.1477832,0.198718,,0,0.3333333,0.25,1,0,0.0006199008,0,0,0.0003880481,0.0007893283
5.358484,"2020-01-29 08:36:13",河南,南阳,31,0,0,1,30,0,0.03225806,0.9677419,,0,0.1504854,,0,0.5,0.1477832,0.198718,,0,0.3333333,0.25,1,0,0.0006199008,0,0,0.0003880481,0.0007893283
5.361273,"2020-01-29 08:40:14",河南,南阳,31,0,0,1,30,0,0.03225806,0.9677419,,0,0.1504854,,0,0.5,0.1477832,0.198718,,0,0.3333333,0.25,1,0,0.0006199008,0,0,0.0003880481,0.0007893283
5.367581,"2020-01-29 08:49:19",河南,南阳,31,0,0,1,30,0,0.03225806,0.9677419,,0,0.1504854,,0,0.5,0.1477832,0.198718,,0,0.3333333,0.25,1,0,0.0006199008,0,0,0.0003880481,0.0007893283
6.374398,"2020-01-30 08:59:08",河南,南阳,51,0,0,1,50,0,0.01960784,0.9803922,,0,0.1834532,,,1,0.1805054,0.3269231,,0,0.3333333,0.4166667,1,0,0.001019837,0,0,0.0003880481,0.001315547
6.375093,"2020-01-30 09:00:08",河南,南阳,51,0,0,1,50,0,0.01960784,0.9803922,,0,0.1834532,,0,1,0.1818182,0.3269231,,0,0.3333333,0.4166667,1,0,0.001019837,0,0,0.0003880481,0.001315547
6.379294,"2020-01-30 09:06:11",河南,南阳,51,0,0,1,50,0,0.01960784,0.9803922,,0,0.1834532,,0,0.5,0.1824818,0.3269231,,0,0.3333333,0.4166667,1,0,0.001019837,0,0,0.0003880481,0.001315547
6.522812,"2020-01-30 12:32:51",河南,南阳,51,0,0,2,49,0,0.03921569,0.9607843,,0,0.1834532,,0,1,0.1788321,0.3269231,,0,0.6666667,0.4083333,1,0,0.001019837,0,0,0.0007760962,0.001289236
7.378669,"2020-01-31 09:05:17",河南,南阳,61,0,0,2,59,0,0.03278688,0.9672131,,0,0.1732955,,0,1,0.1700288,0.3910256,,0,0.6666667,0.4916667,1,0,0.001219805,0,0,0.0007760962,0.001552346
7.491621,"2020-01-31 11:47:56",河南,南阳,61,0,0,2,59,0,0.03278688,0.9672131,,0,0.1732955,,0,1,0.1700288,0.3910256,,0,0.6666667,0.4916667,1,0,0.001219805,0,0,0.0007760962,0.001552346
7.573298,"2020-01-31 13:45:33",河南,南阳,61,0,0,2,59,0,0.03278688,0.9672131,,0,0.1732955,,0,1,0.1700288,0.3910256,,0,0.6666667,0.4916667,1,0,0.001219805,0,0,0.0007760962,0.001552346
8.368542,"2020-02-01 08:50:42",河南,南阳,66,0,0,2,64,0,0.03030303,0.969697,,0,0.1563981,,0,1,0.15311,0.4230769,,0,0.6666667,0.5333334,1,0,0.001319789,0,0,0.0007760962,0.0016839
8.369977,"2020-02-01 08:52:46",河南,南阳,66,0,0,2,64,0,0.03030303,0.969697,,0,0.1563981,,0,1,0.1534772,0.4230769,,0,0.6666667,0.5333334,1,0,0.001319789,0,0,0.0007760962,0.0016839
8.672963,"2020-02-01 16:09:04",河南,南阳,66,0,0,2,64,0,0.03030303,0.969697,,0,0.1563981,,0,1,0.1534772,0.4230769,,0,0.6666667,0.5333334,1,0,0.001319789,0,0,0.0007760962,0.0016839
8.770312,"2020-02-01 18:29:15",河南,南阳,66,0,0,2,64,0,0.03030303,0.969697,,0,0.1563981,,0,1,0.1534772,0.4230769,,0,0.6666667,0.5333334,1,0,0.001319789,0,0,0.0007760962,0.0016839
8.870868,"2020-02-01 20:54:03",河南,南阳,66,0,0,2,64,0,0.03030303,0.969697,,0,0.1563981,,0,1,0.1534772,0.4230769,,0,0.6666667,0.5333334,1,0,0.001319789,0,0,0.0007760962,0.0016839
8.871643,"2020-02-01 20:55:10",河南,南阳,66,0,0,2,64,0,0.03030303,0.969697,,0,0.1563981,,0,1,0.1534772,0.4230769,,0,0.6666667,0.5333334,1,0,0.001319789,0,0,0.0007760962,0.0016839
9.367246,"2020-02-02 08:48:50",河南,南阳,75,0,0,2,73,0,0.02666667,0.9733334,,0,0.1521298,,0,1,0.1498973,0.4807692,,0,0.6666667,0.6083333,1,0,0.00149976,0,0,0.0007760962,0.001920699
9.467847,"2020-02-02 11:13:42",河南,南阳,75,0,0,2,73,0,0.02666667,0.9733334,,0,0.1521298,,0,1,0.1498973,0.4807692,,0,0.6666667,0.6083333,1,0,0.00149976,0,0,0.0007760962,0.001920699
9.50059,"2020-02-02 12:00:51",河南,南阳,75,0,0,2,73,0,0.02666667,0.9733334,,0,0.1521298,,0,1,0.1498973,0.4807692,,0,0.6666667,0.6083333,1,0,0.00149976,0,0,0.0007760962,0.001920699
9.501366,"2020-02-02 12:01:58",河南,南阳,62,0,0,2,60,0,0.03225806,0.9677419,,0,0.1257606,,0,1,0.1232033,0.3974359,,0,0.6666667,0.5,1,0,0.001239802,0,0,0.0007760962,0.001578657
9.789283,"2020-02-02 18:56:34",河南,南阳,62,0,1,2,59,0.01612903,0.03225806,0.9516129,2,0.5,0.1257606,,0.2,1,0.1213992,0.3974359,,0.006535948,0.6666667,0.4916667,0.6666667,0.3333333,0.001239802,0,2.121836E-05,0.0007760962,0.001552346
9.870394,"2020-02-02 20:53:22",河南,南阳,62,0,1,2,59,0.01612903,0.03225806,0.9516129,2,0.5,0.1257606,,0.1111111,1,0.1224066,0.3974359,,0.006535948,0.6666667,0.4916667,0.6666667,0.3333333,0.001239802,0,2.121836E-05,0.0007760962,0.001552346
9.984201,"2020-02-02 23:37:15",河南,南阳,62,0,1,2,59,0.01612903,0.03225806,0.9516129,2,0.5,0.1257606,,0.1,1,0.1226611,0.3974359,,0.006535948,0.6666667,0.4916667,0.6666667,0.3333333,0.001239802,0,2.121836E-05,0.0007760962,0.001552346
10.39484,"2020-02-03 09:28:34",河南,南阳,70,0,1,2,67,0.01428571,0.02857143,0.9571428,2,0.5,0.1236749,,0.07142857,1,0.1218182,0.448718,,0.006535948,0.6666667,0.5583333,0.6666667,0.3333333,0.001399776,0,2.121836E-05,0.0007760962,0.001762833
10.84172,"2020-02-03 20:12:05",河南,南阳,84,0,1,2,81,0.01190476,0.02380952,0.9642857,2,0.5,0.1484099,,0.07142857,1,0.1472727,0.5384616,,0.006535948,0.6666667,0.675,0.6666667,0.3333333,0.001679731,0,2.121836E-05,0.0007760962,0.002131186
10.84248,"2020-02-03 20:13:10",河南,南阳,84,0,1,2,81,0.01190476,0.02380952,0.9642857,2,0.5,0.1484099,,0.07142857,1,0.1472727,0.5384616,,0.006535948,0.6666667,0.675,0.6666667,0.3333333,0.001679731,0,2.121836E-05,0.0007760962,0.002131186
10.84324,"2020-02-03 20:14:16",河南,南阳,84,0,1,2,81,0.01190476,0.02380952,0.9642857,2,0.5,0.1484099,,0.07142857,1,0.1472727,0.5384616,,0.006535948,0.6666667,0.675,0.6666667,0.3333333,0.001679731,0,2.121836E-05,0.0007760962,0.002131186
10.84951,"2020-02-03 20:23:18",河南,南阳,84,0,1,2,81,0.01190476,0.02380952,0.9642857,2,0.5,0.1484099,,0.07142857,1,0.1472727,0.5384616,,0.006535948,0.6666667,0.675,0.6666667,0.3333333,0.001679731,0,2.121836E-05,0.0007760962,0.002131186
10.86958,"2020-02-03 20:52:12",河南,南阳,84,0,1,2,81,0.01190476,0.02380952,0.9642857,2,0.5,0.1484099,,0.07142857,1,0.1472727,0.5384616,,0.006535948,0.6666667,0.675,0.6666667,0.3333333,0.001679731,0,2.121836E-05,0.0007760962,0.002131186
10.87111,"2020-02-03 20:54:24",河南,南阳,84,0,1,2,81,0.01190476,0.02380952,0.9642857,2,0.5,0.1484099,,0.07142857,1,0.1472727,0.5384616,,0.006535948,0.6666667,0.675,0.6666667,0.3333333,0.001679731,0,2.121836E-05,0.0007760962,0.002131186
10.9376,"2020-02-03 22:30:09",河南,南阳,84,0,1,2,81,0.01190476,0.02380952,0.9642857,2,0.5,0.1484099,,0.0625,1,0.1478102,0.5384616,,0.006535948,0.6666667,0.675,0.6666667,0.3333333,0.001679731,0,2.121836E-05,0.0007760962,0.002131186
10.9415,"2020-02-03 22:35:46",河南,南阳,84,0,1,2,81,0.01190476,0.02380952,0.9642857,2,0.5,0.1484099,,0.0625,1,0.1478102,0.5384616,,0.006535948,0.6666667,0.675,0.6666667,0.3333333,0.001679731,0,2.121836E-05,0.0007760962,0.002131186
11.36955,"2020-02-04 08:52:09",河南,南阳,99,2,1,2,96,0.01010101,0.02020202,0.969697,2,0.5,0.1466667,1,0.07142857,1,0.1456753,0.6346154,,0.006535948,0.6666667,0.8,0.6666667,0.3333333,0.001979683,0.05882353,2.121836E-05,0.0007760962,0.00252585
11.3901,"2020-02-04 09:21:45",河南,南阳,99,2,1,2,96,0.01010101,0.02020202,0.969697,2,0.5,0.1466667,1,0.05,1,0.1470138,0.6346154,,0.006535948,0.6666667,0.8,0.6666667,0.3333333,0.001979683,0.05882353,2.121836E-05,0.0007760962,0.00252585
11.8264,"2020-02-04 19:50:01",河南,南阳,99,2,1,2,96,0.01010101,0.02020202,0.969697,2,0.5,0.1466667,1,0.03703704,1,0.1486068,0.6346154,,0.006535948,0.6666667,0.8,0.6666667,0.3333333,0.001979683,0.05882353,2.121836E-05,0.0007760962,0.00252585
11.82716,"2020-02-04 19:51:07",河南,南阳,99,2,1,2,96,0.01010101,0.02020202,0.969697,2,0.5,0.1466667,1,0.03703704,1,0.1486068,0.6346154,,0.006535948,0.6666667,0.8,0.6666667,0.3333333,0.001979683,0.05882353,2.121836E-05,0.0007760962,0.00252585
11.93876,"2020-02-04 22:31:49",河南,南阳,99,2,2,2,95,0.02020202,0.02020202,0.959596,1,1,0.1466667,1,0.07407407,1,0.1470588,0.6346154,,0.0130719,0.6666667,0.7916667,0.5,0.5,0.001979683,0.05882353,4.243672E-05,0.0007760962,0.00249954
11.93953,"2020-02-04 22:32:55",河南,南阳,99,2,2,2,95,0.02020202,0.02020202,0.959596,1,1,0.1466667,1,0.07407407,1,0.1470588,0.6346154,,0.0130719,0.6666667,0.7916667,0.5,0.5,0.001979683,0.05882353,4.243672E-05,0.0007760962,0.00249954
12.38076,"2020-02-05 09:08:18",河南,南阳,107,2,2,2,103,0.01869159,0.01869159,0.9626168,1,1,0.1400524,1,0.04166667,1,0.1442577,0.6858974,,0.0130719,0.6666667,0.8583333,0.5,0.5,0.002139658,0.05882353,4.243672E-05,0.0007760962,0.002710027
12.38229,"2020-02-05 09:10:30",河南,南阳,107,2,2,2,103,0.01869159,0.01869159,0.9626168,1,1,0.1400524,,0.04878049,1,0.1428571,0.6858974,,0.0130719,0.6666667,0.8583333,0.5,0.5,0.002139658,0.05882353,4.243672E-05,0.0007760962,0.002710027
12.94353,"2020-02-05 22:38:41",河南,南阳,107,2,2,2,103,0.01869159,0.01869159,0.9626168,1,1,0.1400524,,0.04878049,1,0.1428571,0.6858974,,0.0130719,0.6666667,0.8583333,0.5,0.5,0.002139658,0.05882353,4.243672E-05,0.0007760962,0.002710027
12.94422,"2020-02-05 22:39:41",河南,南阳,107,2,2,2,103,0.01869159,0.01869159,0.9626168,1,1,0.1400524,,0.04347826,1,0.1438548,0.6858974,,0.0130719,0.6666667,0.8583333,0.5,0.5,0.002139658,0.05882353,4.243672E-05,0.0007760962,0.002710027
12.95405,"2020-02-05 22:53:50",河南,南阳,107,2,2,2,103,0.01869159,0.01869159,0.9626168,1,1,0.1400524,,0.04,1,0.1446629,0.6858974,,0.0130719,0.6666667,0.8583333,0.5,0.5,0.002139658,0.05882353,4.243672E-05,0.0007760962,0.002710027
12.95897,"2020-02-05 23:00:55",河南,南阳,107,2,2,2,103,0.01869159,0.01869159,0.9626168,1,1,0.1400524,,0.04255319,1,0.1440559,0.6858974,,0.0130719,0.6666667,0.8583333,0.5,0.5,0.002139658,0.05882353,4.243672E-05,0.0007760962,0.002710027
12.97161,"2020-02-05 23:19:07",河南,南阳,107,2,2,2,103,0.01869159,0.01869159,0.9626168,1,1,0.1400524,,0.04255319,1,0.1440559,0.6858974,,0.0130719,0.6666667,0.8583333,0.5,0.5,0.002139658,0.05882353,4.243672E-05,0.0007760962,0.002710027
13.38056,"2020-02-06 09:08:00",河南,南阳,111,0,2,2,107,0.01801802,0.01801802,0.963964,1,1,0.1304348,,0.03703704,1,0.1345912,0.7115384,,0.0130719,0.6666667,0.8916667,0.5,0.5,0.002219645,0,4.243672E-05,0.0007760962,0.002815271
13.40025,"2020-02-06 09:36:22",河南,南阳,111,0,2,2,107,0.01801802,0.01801802,0.963964,1,1,0.1304348,,0.03703704,1,0.1345912,0.7115384,,0.0130719,0.6666667,0.8916667,0.5,0.5,0.002219645,0,4.243672E-05,0.0007760962,0.002815271
13.40588,"2020-02-06 09:44:28",河南,南阳,111,0,2,2,107,0.01801802,0.01801802,0.963964,1,1,0.1304348,,0.03703704,1,0.1345912,0.7115384,,0.0130719,0.6666667,0.8916667,0.5,0.5,0.002219645,0,4.243672E-05,0.0007760962,0.002815271
13.63933,"2020-02-06 15:20:38",河南,南阳,111,0,2,2,107,0.01801802,0.01801802,0.963964,1,1,0.1304348,,0.03703704,1,0.1345912,0.7115384,,0.0130719,0.6666667,0.8916667,0.5,0.5,0.002219645,0,4.243672E-05,0.0007760962,0.002815271
13.80391,"2020-02-06 19:17:38",河南,南阳,111,0,2,2,107,0.01801802,0.01801802,0.963964,1,1,0.1304348,,0.03571429,1,0.1349306,0.7115384,,0.0130719,0.6666667,0.8916667,0.5,0.5,0.002219645,0,4.243672E-05,0.0007760962,0.002815271
13.80462,"2020-02-06 19:18:39",河南,南阳,111,0,3,2,106,0.02702703,0.01801802,0.954955,0.6666667,1.5,0.1304348,,0.05357143,1,0.1336696,0.7115384,,0.01960784,0.6666667,0.8833333,0.4,0.6,0.002219645,0,6.365508E-05,0.0007760962,0.00278896
14.38811,"2020-02-07 09:18:53",河南,南阳,118,0,3,2,113,0.02542373,0.01694915,0.9576271,0.6666667,1.5,0.1291028,,0.04411765,0.6666667,0.1340451,0.7564102,,0.01960784,0.6666667,0.9416667,0.4,0.6,0.002359622,0,6.365508E-05,0.0007760962,0.002973136
14.50491,"2020-02-07 12:07:04",河南,南阳,118,0,3,2,113,0.02542373,0.01694915,0.9576271,0.6666667,1.5,0.1291028,,0.04411765,0.6666667,0.1340451,0.7564102,,0.01960784,0.6666667,0.9416667,0.4,0.6,0.002359622,0,6.365508E-05,0.0007760962,0.002973136
14.50561,"2020-02-07 12:08:05",河南,南阳,118,0,3,2,113,0.02542373,0.01694915,0.9576271,0.6666667,1.5,0.1291028,,0.04285714,0.6666667,0.1343639,0.7564102,,0.01960784,0.6666667,0.9416667,0.4,0.6,0.002359622,0,6.365508E-05,0.0007760962,0.002973136
14.63363,"2020-02-07 15:12:26",河南,南阳,118,0,3,2,113,0.02542373,0.01694915,0.9576271,0.6666667,1.5,0.1291028,,0.04285714,0.6666667,0.1343639,0.7564102,,0.01960784,0.6666667,0.9416667,0.4,0.6,0.002359622,0,6.365508E-05,0.0007760962,0.002973136
14.63434,"2020-02-07 15:13:27",河南,南阳,118,0,5,2,111,0.04237288,0.01694915,0.9406779,0.4,2.5,0.1291028,,0.07142857,0.6666667,0.1319857,0.7564102,,0.03267974,0.6666667,0.925,0.2857143,0.7142857,0.002359622,0,0.0001060918,0.0007760962,0.002920515
14.63505,"2020-02-07 15:14:28",河南,南阳,118,0,5,2,111,0.04237288,0.01694915,0.9406779,0.4,2.5,0.1291028,,0.07142857,0.6666667,0.1319857,0.7564102,,0.03267974,0.6666667,0.925,0.2857143,0.7142857,0.002359622,0,0.0001060918,0.0007760962,0.002920515
14.7983,"2020-02-07 19:09:33",河南,南阳,118,0,5,2,111,0.04237288,0.01694915,0.9406779,0.4,2.5,0.1291028,,0.06578948,0.6666667,0.1329341,0.7564102,,0.03267974,0.6666667,0.925,0.2857143,0.7142857,0.002359622,0,0.0001060918,0.0007760962,0.002920515
14.85672,"2020-02-07 20:33:41",河南,南阳,118,0,5,2,111,0.04237288,0.01694915,0.9406779,0.4,2.5,0.1291028,,0.0625,0.6666667,0.133574,0.7564102,,0.03267974,0.6666667,0.925,0.2857143,0.7142857,0.002359622,0,0.0001060918,0.0007760962,0.002920515
14.85743,"2020-02-07 20:34:42",河南,南阳,118,0,5,2,111,0.04237288,0.01694915,0.9406779,0.4,2.5,0.1291028,,0.0625,0.6666667,0.133574,0.7564102,,0.03267974,0.6666667,0.925,0.2857143,0.7142857,0.002359622,0,0.0001060918,0.0007760962,0.002920515
14.8912,"2020-02-07 21:23:20",河南,南阳,118,0,5,2,111,0.04237288,0.01694915,0.9406779,0.4,2.5,0.1291028,,0.05952381,0.6666667,0.1342201,0.7564102,,0.03267974,0.6666667,0.925,0.2857143,0.7142857,0.002359622,0,0.0001060918,0.0007760962,0.002920515
14.90035,"2020-02-07 21:36:30",河南,南阳,118,0,5,2,111,0.04237288,0.01694915,0.9406779,0.4,2.5,0.1291028,,0.05882353,0.6666667,0.1343826,0.7564102,,0.03267974,0.6666667,0.925,0.2857143,0.7142857,0.002359622,0,0.0001060918,0.0007760962,0.002920515
14.91372,"2020-02-07 21:55:45",河南,南阳,118,0,6,2,110,0.05084746,0.01694915,0.9322034,0.3333333,3,0.1291028,,0.06976745,0.6666667,0.1333333,0.7564102,,0.03921569,0.6666667,0.9166667,0.25,0.75,0.002359622,0,0.0001273102,0.0007760962,0.002894204
15.40888,"2020-02-08 09:48:47",河南,南阳,128,0,6,2,120,0.046875,0.015625,0.9375,0.3333333,3,0.1304791,,0.06185567,0.5,0.1363636,0.8205128,,0.03921569,0.6666667,1,0.25,0.75,0.00255959,0,0.0001273102,0.0007760962,0.003157313
15.50883,"2020-02-08 12:12:43",河南,南阳,128,0,6,2,120,0.046875,0.015625,0.9375,0.3333333,3,0.1304791,,0.06060606,0.5,0.1366743,0.8205128,,0.03921569,0.6666667,1,0.25,0.75,0.00255959,0,0.0001273102,0.0007760962,0.003157313
15.50953,"2020-02-08 12:13:43",河南,南阳,128,0,11,2,115,0.0859375,0.015625,0.8984375,0.1818182,5.5,0.1304791,,0.1111111,0.5,0.1309795,0.8205128,,0.07189543,0.6666667,0.9583333,0.1538462,0.8461539,0.00255959,0,0.0002334019,0.0007760962,0.003025758
15.53558,"2020-02-08 12:51:14",河南,南阳,128,0,11,2,115,0.0859375,0.015625,0.8984375,0.1818182,5.5,0.1304791,,0.1111111,0.5,0.1309795,0.8205128,,0.07189543,0.6666667,0.9583333,0.1538462,0.8461539,0.00255959,0,0.0002334019,0.0007760962,0.003025758
15.53769,"2020-02-08 12:54:16",河南,南阳,128,0,11,2,115,0.0859375,0.015625,0.8984375,0.1818182,5.5,0.1304791,,0.1111111,0.5,0.1309795,0.8205128,,0.07189543,0.6666667,0.9583333,0.1538462,0.8461539,0.00255959,0,0.0002334019,0.0007760962,0.003025758
15.67277,"2020-02-08 16:08:47",河南,南阳,128,0,11,2,115,0.0859375,0.015625,0.8984375,0.1818182,5.5,0.1304791,,0.1057692,0.5,0.1317297,0.8205128,,0.07189543,0.6666667,0.9583333,0.1538462,0.8461539,0.00255959,0,0.0002334019,0.0007760962,0.003025758
15.68545,"2020-02-08 16:27:03",河南,南阳,128,0,11,2,115,0.0859375,0.015625,0.8984375,0.1818182,5.5,0.1304791,,0.1057692,0.5,0.1317297,0.8205128,,0.07189543,0.6666667,0.9583333,0.1538462,0.8461539,0.00255959,0,0.0002334019,0.0007760962,0.003025758
15.7235,"2020-02-08 17:21:50",河南,南阳,128,0,12,2,114,0.09375,0.015625,0.890625,0.1666667,6,0.1304791,,0.1142857,0.5,0.130734,0.8205128,,0.07843138,0.6666667,0.95,0.1428571,0.8571429,0.00255959,0,0.0002546203,0.0007760962,0.002999448
15.80304,"2020-02-08 19:16:23",河南,南阳,128,0,12,2,114,0.09375,0.015625,0.890625,0.1666667,6,0.1304791,,0.1132075,0.5,0.130884,0.8205128,,0.07843138,0.6666667,0.95,0.1428571,0.8571429,0.00255959,0,0.0002546203,0.0007760962,0.002999448
15.82347,"2020-02-08 19:45:48",河南,南阳,128,0,16,2,110,0.125,0.015625,0.859375,0.125,8,0.1304791,,0.1454545,0.5,0.1268743,0.8205128,,0.1045752,0.6666667,0.9166667,0.1111111,0.8888889,0.00255959,0,0.0003394937,0.0007760962,0.002894204
15.85166,"2020-02-08 20:26:23",河南,南阳,128,0,16,2,110,0.125,0.015625,0.859375,0.125,8,0.1304791,,0.1441441,0.5,0.1270208,0.8205128,,0.1045752,0.6666667,0.9166667,0.1111111,0.8888889,0.00255959,0,0.0003394937,0.0007760962,0.002894204
15.89889,"2020-02-08 21:34:24",河南,南阳,128,0,16,2,110,0.125,0.015625,0.859375,0.125,8,0.1304791,,0.1441441,0.5,0.1270208,0.8205128,,0.1045752,0.6666667,0.9166667,0.1111111,0.8888889,0.00255959,0,0.0003394937,0.0007760962,0.002894204
15.8996,"2020-02-08 21:35:25",河南,南阳,128,0,16,2,110,0.125,0.015625,0.859375,0.125,8,0.1304791,,0.1391304,0.5,0.1276102,0.8205128,,0.1045752,0.6666667,0.9166667,0.1111111,0.8888889,0.00255959,0,0.0003394937,0.0007760962,0.002894204
15.92074,"2020-02-08 22:05:52",河南,南阳,128,0,16,2,110,0.125,0.015625,0.859375,0.125,8,0.1304791,,0.137931,0.5,0.1277584,0.8205128,,0.1045752,0.6666667,0.9166667,0.1111111,0.8888889,0.00255959,0,0.0003394937,0.0007760962,0.002894204
16.37838,"2020-02-09 09:04:52",河南,南阳,133,0,16,2,115,0.1203008,0.01503759,0.8646616,0.125,8,0.1287512,,0.1221374,0.3333333,0.1283482,0.8525641,,0.1045752,0.6666667,0.9583333,0.1111111,0.8888889,0.002659574,0,0.0003394937,0.0007760962,0.003025758
16.3967,"2020-02-09 09:31:15",河南,南阳,133,0,16,0,117,0.1203008,0,0.8796992,0,,0.1287512,,0.1221374,0,0.1305804,0.8525641,,0.1045752,0,0.975,0,1,0.002659574,0,0.0003394937,0,0.00307838
16.39741,"2020-02-09 09:32:16",河南,南阳,133,0,16,2,115,0.1203008,0.01503759,0.8646616,0.125,8,0.1287512,,0.1221374,0.3333333,0.1283482,0.8525641,,0.1045752,0.6666667,0.9583333,0.1111111,0.8888889,0.002659574,0,0.0003394937,0.0007760962,0.003025758
16.39951,"2020-02-09 09:35:18",河南,南阳,133,0,16,2,115,0.1203008,0.01503759,0.8646616,0.125,8,0.1287512,,0.1221374,0.3333333,0.1283482,0.8525641,,0.1045752,0.6666667,0.9583333,0.1111111,0.8888889,0.002659574,0,0.0003394937,0.0007760962,0.003025758
16.56505,"2020-02-09 13:33:40",河南,南阳,133,0,16,2,115,0.1203008,0.01503759,0.8646616,0.125,8,0.1287512,,0.1176471,0.3333333,0.1290685,0.8525641,,0.1045752,0.6666667,0.9583333,0.1111111,0.8888889,0.002659574,0,0.0003394937,0.0007760962,0.003025758
16.59325,"2020-02-09 14:14:17",河南,南阳,133,0,16,2,115,0.1203008,0.01503759,0.8646616,0.125,8,0.1287512,,0.1176471,0.3333333,0.1290685,0.8525641,,0.1045752,0.6666667,0.9583333,0.1111111,0.8888889,0.002659574,0,0.0003394937,0.0007760962,0.003025758
16.59396,"2020-02-09 14:15:18",河南,南阳,133,0,16,2,115,0.1203008,0.01503759,0.8646616,0.125,8,0.1287512,,0.1176471,0.3333333,0.1290685,0.8525641,,0.1045752,0.6666667,0.9583333,0.1111111,0.8888889,0.002659574,0,0.0003394937,0.0007760962,0.003025758
16.61226,"2020-02-09 14:41:39",河南,南阳,133,0,16,2,115,0.1203008,0.01503759,0.8646616,0.125,8,0.1287512,,0.1176471,0.3333333,0.1290685,0.8525641,,0.1045752,0.6666667,0.9583333,0.1111111,0.8888889,0.002659574,0,0.0003394937,0.0007760962,0.003025758
16.61296,"2020-02-09 14:42:40",河南,南阳,133,0,22,2,109,0.1654135,0.01503759,0.8195488,0.09090909,11,0.1287512,,0.1617647,0.3333333,0.1223345,0.8525641,,0.1437909,0.6666667,0.9083334,0.08333334,0.9166667,0.002659574,0,0.0004668039,0.0007760962,0.002867893
16.61508,"2020-02-09 14:45:43",河南,南阳,133,0,22,2,109,0.1654135,0.01503759,0.8195488,0.09090909,11,0.1287512,,0.1617647,0.3333333,0.1223345,0.8525641,,0.1437909,0.6666667,0.9083334,0.08333334,0.9166667,0.002659574,0,0.0004668039,0.0007760962,0.002867893
16.6334,"2020-02-09 15:12:06",河南,南阳,133,0,23,2,108,0.1729323,0.01503759,0.8120301,0.08695652,11.5,0.1287512,,0.1678832,0.3333333,0.1213483,0.8525641,,0.1503268,0.6666667,0.9,0.08,0.92,0.002659574,0,0.0004880222,0.0007760962,0.002841582
16.72356,"2020-02-09 17:21:56",河南,南阳,133,0,23,2,108,0.1729323,0.01503759,0.8120301,0.08695652,11.5,0.1287512,,0.1575342,0.3333333,0.122588,0.8525641,,0.1503268,0.6666667,0.9,0.08,0.92,0.002659574,0,0.0004880222,0.0007760962,0.002841582
16.75245,"2020-02-09 18:03:32",河南,南阳,133,0,23,2,108,0.1729323,0.01503759,0.8120301,0.08695652,11.5,0.1287512,,0.1575342,0.3333333,0.122588,0.8525641,,0.1503268,0.6666667,0.9,0.08,0.92,0.002659574,0,0.0004880222,0.0007760962,0.002841582
16.79901,"2020-02-09 19:10:34",河南,南阳,133,0,23,2,108,0.1729323,0.01503759,0.8120301,0.08695652,11.5,0.1287512,,0.1564626,0.3333333,0.1227273,0.8525641,,0.1503268,0.6666667,0.9,0.08,0.92,0.002659574,0,0.0004880222,0.0007760962,0.002841582
16.80464,"2020-02-09 19:18:41",河南,南阳,133,0,23,2,108,0.1729323,0.01503759,0.8120301,0.08695652,11.5,0.1287512,,0.1503268,0.3333333,0.1235698,0.8525641,,0.1503268,0.6666667,0.9,0.08,0.92,0.002659574,0,0.0004880222,0.0007760962,0.002841582
17.38222,"2020-02-10 09:10:24",河南,南阳,134,0,16,2,116,0.119403,0.01492537,0.8656716,0.125,8,0.1248835,,0.09467456,0.3333333,0.1291759,0.8589743,,0.1045752,0.6666667,0.9666666,0.1111111,0.8888889,0.002679571,0,0.0003394937,0.0007760962,0.003052069
17.51971,"2020-02-10 12:28:23",河南,南阳,134,0,16,2,116,0.119403,0.01492537,0.8656716,0.125,8,0.1248835,,0.09467456,0.3333333,0.1291759,0.8589743,,0.1045752,0.6666667,0.9666666,0.1111111,0.8888889,0.002679571,0,0.0003394937,0.0007760962,0.003052069
17.52395,"2020-02-10 12:34:29",河南,南阳,134,0,28,2,104,0.2089552,0.01492537,0.7761194,0.07142857,14,0.1248835,,0.1656805,0.3333333,0.1158129,0.8589743,,0.1830065,0.6666667,0.8666667,0.06666667,0.9333333,0.002679571,0,0.000594114,0.0007760962,0.002736338
17.52465,"2020-02-10 12:35:30",河南,南阳,134,0,28,2,104,0.2089552,0.01492537,0.7761194,0.07142857,14,0.1248835,,0.1564246,0.3333333,0.1171171,0.8589743,,0.1830065,0.6666667,0.8666667,0.06666667,0.9333333,0.002679571,0,0.000594114,0.0007760962,0.002736338
17.53946,"2020-02-10 12:56:49",河南,南阳,134,0,28,2,104,0.2089552,0.01492537,0.7761194,0.07142857,14,0.1248835,,0.1564246,0.3333333,0.1171171,0.8589743,,0.1830065,0.6666667,0.8666667,0.06666667,0.9333333,0.002679571,0,0.000594114,0.0007760962,0.002736338
17.54015,"2020-02-10 12:57:49",河南,南阳,134,0,28,2,104,0.2089552,0.01492537,0.7761194,0.07142857,14,0.1248835,,0.1564246,0.3333333,0.1171171,0.8589743,,0.1830065,0.6666667,0.8666667,0.06666667,0.9333333,0.002679571,0,0.000594114,0.0007760962,0.002736338
17.66714,"2020-02-10 16:00:41",河南,南阳,134,0,28,2,104,0.2089552,0.01492537,0.7761194,0.07142857,14,0.1248835,,0.1546961,0.3333333,0.1173815,0.8589743,,0.1830065,0.6666667,0.8666667,0.06666667,0.9333333,0.002679571,0,0.000594114,0.0007760962,0.002736338
17.7152,"2020-02-10 17:09:53",河南,南阳,134,0,28,2,104,0.2089552,0.01492537,0.7761194,0.07142857,14,0.1248835,,0.1497326,0.3333333,0.1181818,0.8589743,,0.1830065,0.6666667,0.8666667,0.06666667,0.9333333,0.002679571,0,0.000594114,0.0007760962,0.002736338
17.90573,"2020-02-10 21:44:15",河南,南阳,134,0,28,2,104,0.2089552,0.01492537,0.7761194,0.07142857,14,0.1248835,,0.1465969,0.3333333,0.1187215,0.8589743,,0.1830065,0.6666667,0.8666667,0.06666667,0.9333333,0.002679571,0,0.000594114,0.0007760962,0.002736338
18.37181,"2020-02-11 08:55:24",河南,南阳,136,0,28,2,106,0.2058824,0.01470588,0.7794118,0.07142857,14,0.1230769,,0.1414141,0.2857143,0.1177778,0.8717949,,0.1830065,0.6666667,0.8833333,0.06666667,0.9333333,0.002719565,0,0.000594114,0.0007760962,0.00278896
18.51734,"2020-02-11 12:24:58",河南,南阳,136,0,28,2,106,0.2058824,0.01470588,0.7794118,0.07142857,14,0.1230769,,0.1339713,0.2857143,0.1192351,0.8717949,,0.1830065,0.6666667,0.8833333,0.06666667,0.9333333,0.002719565,0,0.000594114,0.0007760962,0.00278896
18.56756,"2020-02-11 13:37:17",河南,南阳,136,0,32,2,102,0.2352941,0.01470588,0.75,0.0625,16,0.1230769,,0.1560976,0.2857143,0.1142217,0.8717949,,0.2091503,0.6666667,0.85,0.05882353,0.9411765,0.002719565,0,0.0006789875,0.0007760962,0.002683716
18.67311,"2020-02-11 16:09:17",河南,南阳,136,0,32,2,102,0.2352941,0.01470588,0.75,0.0625,16,0.1230769,,0.15311,0.2857143,0.1147357,0.8717949,,0.2091503,0.6666667,0.85,0.05882353,0.9411765,0.002719565,0,0.0006789875,0.0007760962,0.002683716
18.73406,"2020-02-11 17:37:03",河南,南阳,136,0,32,2,102,0.2352941,0.01470588,0.75,0.0625,16,0.1230769,,0.1495327,0.2857143,0.1153846,0.8717949,,0.2091503,0.6666667,0.85,0.05882353,0.9411765,0.002719565,0,0.0006789875,0.0007760962,0.002683716
18.80635,"2020-02-11 19:21:09",河南,南阳,136,0,32,2,102,0.2352941,0.01470588,0.75,0.0625,16,0.1230769,,0.1488372,0.2857143,0.1155153,0.8717949,,0.2091503,0.6666667,0.85,0.05882353,0.9411765,0.002719565,0,0.0006789875,0.0007760962,0.002683716
18.8659,"2020-02-11 20:46:54",河南,南阳,136,0,32,2,102,0.2352941,0.01470588,0.75,0.0625,16,0.1230769,,0.1481481,0.2857143,0.1156463,0.8717949,,0.2091503,0.6666667,0.85,0.05882353,0.9411765,0.002719565,0,0.0006789875,0.0007760962,0.002683716
18.91343,"2020-02-11 21:55:20",河南,南阳,136,0,32,2,102,0.2352941,0.01470588,0.75,0.0625,16,0.1230769,,0.146789,0.2857143,0.1159091,0.8717949,,0.2091503,0.6666667,0.85,0.05882353,0.9411765,0.002719565,0,0.0006789875,0.0007760962,0.002683716
19.36271,"2020-02-12 08:42:18",河南,南阳,138,0,32,2,104,0.2318841,0.01449275,0.7536232,0.0625,16,0.1215859,,0.1385281,0.25,0.1160714,0.8846154,,0.2091503,0.6666667,0.8666667,0.05882353,0.9411765,0.002759558,0,0.0006789875,0.0007760962,0.002736338
19.49221,"2020-02-12 11:48:47",河南,南阳,138,0,32,2,104,0.2318841,0.01449275,0.7536232,0.0625,16,0.1215859,,0.1373391,0.25,0.1163311,0.8846154,,0.2091503,0.6666667,0.8666667,0.05882353,0.9411765,0.002759558,0,0.0006789875,0.0007760962,0.002736338
19.55583,"2020-02-12 13:20:24",河南,南阳,138,0,32,2,104,0.2318841,0.01449275,0.7536232,0.0625,16,0.1215859,,0.137931,0.25,0.1162011,0.8846154,,0.2091503,0.6666667,0.8666667,0.05882353,0.9411765,0.002759558,0,0.0006789875,0.0007760962,0.002736338
19.66715,"2020-02-12 16:00:42",河南,南阳,138,0,35,2,101,0.2536232,0.01449275,0.7318841,0.05714286,17.5,0.1215859,,0.1464435,0.25,0.1137387,0.8846154,,0.2287582,0.6666667,0.8416666,0.05405406,0.9459459,0.002759558,0,0.0007426426,0.0007760962,0.002657405
19.75253,"2020-02-12 18:03:39",河南,南阳,138,0,36,2,100,0.2608696,0.01449275,0.7246377,0.05555556,18,0.1215859,,0.1493776,0.25,0.1128668,0.8846154,,0.2352941,0.6666667,0.8333333,0.05263158,0.9473684,0.002759558,0,0.0007638609,0.0007760962,0.002631094
19.92156,"2020-02-12 22:07:03",河南,南阳,138,0,36,2,100,0.2608696,0.01449275,0.7246377,0.05555556,18,0.1215859,,0.1463415,0.25,0.1135074,0.8846154,,0.2352941,0.6666667,0.8333333,0.05263158,0.9473684,0.002759558,0,0.0007638609,0.0007760962,0.002631094
20.01333,"2020-02-13 00:19:12",河南,南阳,138,0,36,2,100,0.2608696,0.01449275,0.7246377,0.05555556,18,0.1215859,,0.1463415,0.25,0.1135074,0.8846154,,0.2352941,0.6666667,0.8333333,0.05263158,0.9473684,0.002759558,0,0.0007638609,0.0007760962,0.002631094
20.35621,"2020-02-13 08:32:57",河南,南阳,145,0,36,2,107,0.2482759,0.0137931,0.737931,0.05555556,18,0.1240376,,0.1395349,0.2,0.1187569,0.9294872,,0.2352941,0.6666667,0.8916667,0.05263158,0.9473684,0.002899536,0,0.0007638609,0.0007760962,0.002815271
20.45538,"2020-02-13 10:55:45",河南,南阳,145,0,36,2,107,0.2482759,0.0137931,0.737931,0.05555556,18,0.1240376,,0.1374046,0.2,0.1192865,0.9294872,,0.2352941,0.6666667,0.8916667,0.05263158,0.9473684,0.002899536,0,0.0007638609,0.0007760962,0.002815271
20.56064,"2020-02-13 13:27:19",河南,南阳,145,0,36,2,107,0.2482759,0.0137931,0.737931,0.05555556,18,0.1240376,,0.1267606,0.2,0.1222857,0.9294872,,0.2352941,0.6666667,0.8916667,0.05263158,0.9473684,0.002899536,0,0.0007638609,0.0007760962,0.002815271
20.5905,"2020-02-13 14:10:19",河南,南阳,145,0,36,2,107,0.2482759,0.0137931,0.737931,0.05555556,18,0.1240376,,0.1323529,0.2,0.1206313,0.9294872,,0.2352941,0.6666667,0.8916667,0.05263158,0.9473684,0.002899536,0,0.0007638609,0.0007760962,0.002815271
20.69681,"2020-02-13 16:43:24",河南,南阳,145,0,38,2,105,0.262069,0.0137931,0.7241379,0.05263158,19,0.1240376,,0.1386861,0.2,0.1186441,0.9294872,,0.248366,0.6666667,0.875,0.05,0.95,0.002899536,0,0.0008062976,0.0007760962,0.002762649
20.70192,"2020-02-13 16:50:46",河南,南阳,145,0,38,2,105,0.262069,0.0137931,0.7241379,0.05263158,19,0.1240376,,0.1386861,0.2,0.1186441,0.9294872,,0.248366,0.6666667,0.875,0.05,0.95,0.002899536,0,0.0008062976,0.0007760962,0.002762649
20.72969,"2020-02-13 17:30:45",河南,南阳,145,0,38,2,105,0.262069,0.0137931,0.7241379,0.05263158,19,0.1240376,,0.1328671,0.2,0.1202749,0.9294872,,0.248366,0.6666667,0.875,0.05,0.95,0.002899536,0,0.0008062976,0.0007760962,0.002762649
20.80279,"2020-02-13 19:16:01",河南,南阳,145,0,38,2,105,0.262069,0.0137931,0.7241379,0.05263158,19,0.1240376,,0.1310345,0.2,0.1208285,0.9294872,,0.248366,0.6666667,0.875,0.05,0.95,0.002899536,0,0.0008062976,0.0007760962,0.002762649
20.86042,"2020-02-13 20:39:00",河南,南阳,145,0,38,2,105,0.262069,0.0137931,0.7241379,0.05263158,19,0.1240376,,0.1310345,0.2,0.1208285,0.9294872,,0.248366,0.6666667,0.875,0.05,0.95,0.002899536,0,0.0008062976,0.0007760962,0.002762649
20.89551,"2020-02-13 21:29:32",河南,南阳,145,0,38,2,105,0.262069,0.0137931,0.7241379,0.05263158,19,0.1240376,,0.1292517,0.2,0.1213873,0.9294872,,0.248366,0.6666667,0.875,0.05,0.95,0.002899536,0,0.0008062976,0.0007760962,0.002762649
20.94958,"2020-02-13 22:47:24",河南,南阳,145,0,38,2,105,0.262069,0.0137931,0.7241379,0.05263158,19,0.1240376,,0.1283784,0.2,0.1216686,0.9294872,,0.248366,0.6666667,0.875,0.05,0.95,0.002899536,0,0.0008062976,0.0007760962,0.002762649
21.37786,"2020-02-14 09:04:07",河南,南阳,146,0,38,2,106,0.260274,0.01369863,0.7260274,0.05263158,19,0.1233108,,0.1214058,0.1818182,0.1232558,0.9358974,,0.248366,0.6666667,0.8833333,0.05,0.95,0.002919533,0,0.0008062976,0.0007760962,0.00278896
21.41969,"2020-02-14 10:04:21",河南,南阳,146,0,45,2,99,0.3082192,0.01369863,0.6780822,0.04444445,22.5,0.1233108,,0.1424051,0.1818182,0.1155193,0.9358974,,0.2941177,0.6666667,0.825,0.04255319,0.9574468,0.002919533,0,0.0009548261,0.0007760962,0.002604783
21.50432,"2020-02-14 12:06:13",河南,南阳,146,0,45,2,99,0.3082192,0.01369863,0.6780822,0.04444445,22.5,0.1233108,,0.1363636,0.1818182,0.1174377,0.9358974,,0.2941177,0.6666667,0.825,0.04255319,0.9574468,0.002919533,0,0.0009548261,0.0007760962,0.002604783
21.56468,"2020-02-14 13:33:08",河南,南阳,146,0,45,2,99,0.3082192,0.01369863,0.6780822,0.04444445,22.5,0.1233108,,0.1331361,0.1818182,0.1185629,0.9358974,,0.2941177,0.6666667,0.825,0.04255319,0.9574468,0.002919533,0,0.0009548261,0.0007760962,0.002604783
21.60509,"2020-02-14 14:31:20",河南,南阳,146,0,45,2,99,0.3082192,0.01369863,0.6780822,0.04444445,22.5,0.1233108,,0.131579,0.1818182,0.1191336,0.9358974,,0.2941177,0.6666667,0.825,0.04255319,0.9574468,0.002919533,0,0.0009548261,0.0007760962,0.002604783
21.64765,"2020-02-14 15:32:37",河南,南阳,146,0,45,2,99,0.3082192,0.01369863,0.6780822,0.04444445,22.5,0.1233108,,0.1311953,0.1818182,0.1192771,0.9358974,,0.2941177,0.6666667,0.825,0.04255319,0.9574468,0.002919533,0,0.0009548261,0.0007760962,0.002604783
21.68659,"2020-02-14 16:28:41",河南,南阳,146,0,45,2,99,0.3082192,0.01369863,0.6780822,0.04444445,22.5,0.1233108,,0.1300578,0.1818182,0.1197098,0.9358974,,0.2941177,0.6666667,0.825,0.04255319,0.9574468,0.002919533,0,0.0009548261,0.0007760962,0.002604783
21.7962,"2020-02-14 19:06:32",河南,南阳,146,0,45,2,99,0.3082192,0.01369863,0.6780822,0.04444445,22.5,0.1233108,,0.1285714,0.1818182,0.1202916,0.9358974,,0.2941177,0.6666667,0.825,0.04255319,0.9574468,0.002919533,0,0.0009548261,0.0007760962,0.002604783
21.80943,"2020-02-14 19:25:35",河南,南阳,146,0,45,2,99,0.3082192,0.01369863,0.6780822,0.04444445,22.5,0.1233108,,0.1285714,0.1818182,0.1202916,0.9358974,,0.2941177,0.6666667,0.825,0.04255319,0.9574468,0.002919533,0,0.0009548261,0.0007760962,0.002604783
21.83803,"2020-02-14 20:06:46",河南,南阳,146,0,45,2,99,0.3082192,0.01369863,0.6780822,0.04444445,22.5,0.1233108,,0.1278409,0.1818182,0.1205847,0.9358974,,0.2941177,0.6666667,0.825,0.04255319,0.9574468,0.002919533,0,0.0009548261,0.0007760962,0.002604783
21.86675,"2020-02-14 20:48:07",河南,南阳,146,0,45,2,99,0.3082192,0.01369863,0.6780822,0.04444445,22.5,0.1233108,,0.1260504,0.1818182,0.1213235,0.9358974,,0.2941177,0.6666667,0.825,0.04255319,0.9574468,0.002919533,0,0.0009548261,0.0007760962,0.002604783
22.39266,"2020-02-15 09:25:26",河南,南阳,150,0,45,2,103,0.3,0.01333333,0.6866667,0.04444445,22.5,0.1237624,,0.1264045,0.1538462,0.1221827,0.9615384,,0.2941177,0.6666667,0.8583333,0.04255319,0.9574468,0.00299952,0,0.0009548261,0.0007760962,0.002710027
22.48499,"2020-02-15 11:38:23",河南,南阳,150,0,45,2,103,0.3,0.01333333,0.6866667,0.04444445,22.5,0.1237624,,0.1212938,0.1538462,0.1243961,0.9615384,,0.2941177,0.6666667,0.8583333,0.04255319,0.9574468,0.00299952,0,0.0009548261,0.0007760962,0.002710027
22.60233,"2020-02-15 14:27:21",河南,南阳,150,0,52,2,96,0.3466667,0.01333333,0.64,0.03846154,26,0.1237624,,0.1375661,0.1538462,0.1169306,0.9615384,,0.3398693,0.6666667,0.8,0.03703704,0.962963,0.00299952,0,0.001103355,0.0007760962,0.00252585
22.68949,"2020-02-15 16:32:52",河南,南阳,150,0,52,2,96,0.3466667,0.01333333,0.64,0.03846154,26,0.1237624,,0.1361257,0.1538462,0.1175031,0.9615384,,0.3398693,0.6666667,0.8,0.03703704,0.962963,0.00299952,0,0.001103355,0.0007760962,0.00252585
22.73975,"2020-02-15 17:45:14",河南,南阳,150,0,52,2,96,0.3466667,0.01333333,0.64,0.03846154,26,0.1237624,,0.1340206,0.1538462,0.1183724,0.9615384,,0.3398693,0.6666667,0.8,0.03703704,0.962963,0.00299952,0,0.001103355,0.0007760962,0.00252585
22.80197,"2020-02-15 19:14:50",河南,南阳,150,0,52,2,96,0.3466667,0.01333333,0.64,0.03846154,26,0.1237624,,0.1333333,0.1538462,0.118665,0.9615384,,0.3398693,0.6666667,0.8,0.03703704,0.962963,0.00299952,0,0.001103355,0.0007760962,0.00252585
22.80707,"2020-02-15 19:22:11",河南,南阳,150,0,52,2,96,0.3466667,0.01333333,0.64,0.03846154,26,0.1237624,,0.1333333,0.1538462,0.118665,0.9615384,,0.3398693,0.6666667,0.8,0.03703704,0.962963,0.00299952,0,0.001103355,0.0007760962,0.00252585
22.8352,"2020-02-15 20:02:41",河南,南阳,150,0,52,2,96,0.3466667,0.01333333,0.64,0.03846154,26,0.1237624,,0.1329923,0.1538462,0.1188119,0.9615384,,0.3398693,0.6666667,0.8,0.03703704,0.962963,0.00299952,0,0.001103355,0.0007760962,0.00252585
23.47989,"2020-02-16 11:31:02",河南,南阳,151,0,52,2,97,0.3443709,0.01324503,0.6423841,0.03846154,26,0.1226645,,0.1293532,0.1538462,0.1188725,0.9679487,,0.3398693,0.6666667,0.8083333,0.03703704,0.962963,0.003019517,0,0.001103355,0.0007760962,0.002552161
23.49206,"2020-02-16 11:48:34",河南,南阳,151,0,52,2,97,0.3443709,0.01324503,0.6423841,0.03846154,26,0.1226645,,0.1253012,0.1538462,0.120797,0.9679487,,0.3398693,0.6666667,0.8083333,0.03703704,0.962963,0.003019517,0,0.001103355,0.0007760962,0.002552161
23.55226,"2020-02-16 13:15:15",河南,南阳,151,0,57,2,92,0.3774835,0.01324503,0.6092715,0.03508772,28.5,0.1226645,,0.1353919,0.1538462,0.1154329,0.9679487,,0.372549,0.6666667,0.7666667,0.03389831,0.9661017,0.003019517,0,0.001209446,0.0007760962,0.002420607
23.68296,"2020-02-16 16:23:28",河南,南阳,151,0,57,2,92,0.3774835,0.01324503,0.6092715,0.03508772,28.5,0.1226645,,0.1341176,0.1538462,0.1160151,0.9679487,,0.372549,0.6666667,0.7666667,0.03389831,0.9661017,0.003019517,0,0.001209446,0.0007760962,0.002420607
23.72998,"2020-02-16 17:31:10",河南,南阳,151,0,57,2,92,0.3774835,0.01324503,0.6092715,0.03508772,28.5,0.1226645,,0.1338028,0.1538462,0.1161616,0.9679487,,0.372549,0.6666667,0.7666667,0.03389831,0.9661017,0.003019517,0,0.001209446,0.0007760962,0.002420607
23.7591,"2020-02-16 18:13:06",河南,南阳,151,0,57,2,92,0.3774835,0.01324503,0.6092715,0.03508772,28.5,0.1226645,,0.1334895,0.1538462,0.1163085,0.9679487,,0.372549,0.6666667,0.7666667,0.03389831,0.9661017,0.003019517,0,0.001209446,0.0007760962,0.002420607
23.83439,"2020-02-16 20:01:31",河南,南阳,151,0,57,2,92,0.3774835,0.01324503,0.6092715,0.03508772,28.5,0.1226645,,0.1316397,0.1538462,0.1171975,0.9679487,,0.372549,0.6666667,0.7666667,0.03389831,0.9661017,0.003019517,0,0.001209446,0.0007760962,0.002420607
23.88484,"2020-02-16 21:14:10",河南,南阳,151,0,57,2,92,0.3774835,0.01324503,0.6092715,0.03508772,28.5,0.1226645,,0.1298406,0.1538462,0.1181001,0.9679487,,0.372549,0.6666667,0.7666667,0.03389831,0.9661017,0.003019517,0,0.001209446,0.0007760962,0.002420607
23.90685,"2020-02-16 21:45:52",河南,南阳,151,0,57,2,92,0.3774835,0.01324503,0.6092715,0.03508772,28.5,0.1226645,,0.1295455,0.1538462,0.1182519,0.9679487,,0.372549,0.6666667,0.7666667,0.03389831,0.9661017,0.003019517,0,0.001209446,0.0007760962,0.002420607
24.36199,"2020-02-17 08:41:16",河南,南阳,154,0,57,2,95,0.3701299,0.01298701,0.6168831,0.03508772,28.5,0.1235955,,0.1295455,0.125,0.1202532,0.9871795,,0.372549,0.6666667,0.7916667,0.03389831,0.9661017,0.003079507,0,0.001209446,0.0007760962,0.00249954
24.51699,"2020-02-17 12:24:28",河南,南阳,154,0,57,2,95,0.3701299,0.01298701,0.6168831,0.03508772,28.5,0.1235955,,0.125,0.1176471,0.1228978,0.9871795,,0.372549,0.6666667,0.7916667,0.03389831,0.9661017,0.003079507,0,0.001209446,0.0007760962,0.00249954
24.52411,"2020-02-17 12:34:43",河南,南阳,154,0,57,2,95,0.3701299,0.01298701,0.6168831,0.03508772,28.5,0.1235955,,0.1212766,0.125,0.125,0.9871795,,0.372549,0.6666667,0.7916667,0.03389831,0.9661017,0.003079507,0,0.001209446,0.0007760962,0.00249954
24.53978,"2020-02-17 12:57:17",河南,南阳,154,0,57,2,95,0.3701299,0.01298701,0.6168831,0.03508772,28.5,0.1235955,,0.11875,0.125,0.1266667,0.9871795,,0.372549,0.6666667,0.7916667,0.03389831,0.9661017,0.003079507,0,0.001209446,0.0007760962,0.00249954
24.58174,"2020-02-17 13:57:42",河南,南阳,154,0,57,2,95,0.3701299,0.01298701,0.6168831,0.03508772,28.5,0.1235955,,0.1177686,0.125,0.1273458,0.9871795,,0.372549,0.6666667,0.7916667,0.03389831,0.9661017,0.003079507,0,0.001209446,0.0007760962,0.00249954
24.65359,"2020-02-17 15:41:10",河南,南阳,154,0,57,2,95,0.3701299,0.01298701,0.6168831,0.03508772,28.5,0.1235955,,0.1175258,0.125,0.1275168,0.9871795,,0.372549,0.6666667,0.7916667,0.03389831,0.9661017,0.003079507,0,0.001209446,0.0007760962,0.00249954
24.66212,"2020-02-17 15:53:27",河南,南阳,154,0,57,2,95,0.3701299,0.01298701,0.6168831,0.03508772,28.5,0.1235955,,0.1170431,0.125,0.12786,0.9871795,,0.372549,0.6666667,0.7916667,0.03389831,0.9661017,0.003079507,0,0.001209446,0.0007760962,0.00249954
24.76385,"2020-02-17 18:19:57",河南,南阳,154,0,57,2,95,0.3701299,0.01298701,0.6168831,0.03508772,28.5,0.1235955,,0.1144578,0.125,0.1297814,0.9871795,,0.372549,0.6666667,0.7916667,0.03389831,0.9661017,0.003079507,0,0.001209446,0.0007760962,0.00249954
24.85001,"2020-02-17 20:24:01",河南,南阳,154,0,57,2,95,0.3701299,0.01298701,0.6168831,0.03508772,28.5,0.1235955,,0.1142285,0.125,0.129959,0.9871795,,0.372549,0.6666667,0.7916667,0.03389831,0.9661017,0.003079507,0,0.001209446,0.0007760962,0.00249954
24.87138,"2020-02-17 20:54:47",河南,南阳,154,0,65,2,87,0.4220779,0.01298701,0.5649351,0.03076923,32.5,0.1235955,,0.1282051,0.125,0.120332,0.9871795,,0.4248366,0.6666667,0.725,0.02985075,0.9701493,0.003079507,0,0.001379193,0.0007760962,0.002289052
24.92622,"2020-02-17 22:13:45",河南,南阳,154,0,65,2,87,0.4220779,0.01298701,0.5649351,0.03076923,32.5,0.1235955,,0.1279528,0.125,0.1204986,0.9871795,,0.4248366,0.6666667,0.725,0.02985075,0.9701493,0.003079507,0,0.001379193,0.0007760962,0.002289052
24.95331,"2020-02-17 22:52:46",河南,南阳,154,0,65,2,87,0.4220779,0.01298701,0.5649351,0.03076923,32.5,0.1235955,,0.1277014,0.125,0.1206657,0.9871795,,0.4248366,0.6666667,0.725,0.02985075,0.9701493,0.003079507,0,0.001379193,0.0007760962,0.002289052
25.36494,"2020-02-18 08:45:31",河南,南阳,155,0,65,2,88,0.4193548,0.01290323,0.5677419,0.03076923,32.5,0.1233095,,0.1277014,0.1052632,0.1207133,0.9935898,,0.4248366,0.6666667,0.7333333,0.02985075,0.9701493,0.003099504,0,0.001379193,0.0007760962,0.002315363
25.43564,"2020-02-18 10:27:19",河南,南阳,155,0,65,2,88,0.4193548,0.01290323,0.5677419,0.03076923,32.5,0.1233095,,0.1287129,0.1052632,0.1200546,0.9935898,,0.4248366,0.6666667,0.7333333,0.02985075,0.9701493,0.003099504,0,0.001379193,0.0007760962,0.002315363
25.45705,"2020-02-18 10:58:09",河南,南阳,155,0,65,2,88,0.4193548,0.01290323,0.5677419,0.03076923,32.5,0.1233095,,0.1267056,0.1052632,0.1213793,0.9935898,,0.4248366,0.6666667,0.7333333,0.02985075,0.9701493,0.003099504,0,0.001379193,0.0007760962,0.002315363
25.47061,"2020-02-18 11:17:41",河南,南阳,155,0,65,2,88,0.4193548,0.01290323,0.5677419,0.03076923,32.5,0.1233095,,0.1264591,0.1052632,0.121547,0.9935898,,0.4248366,0.6666667,0.7333333,0.02985075,0.9701493,0.003099504,0,0.001379193,0.0007760962,0.002315363
25.73185,"2020-02-18 17:33:52",河南,南阳,155,0,65,2,88,0.4193548,0.01290323,0.5677419,0.03076923,32.5,0.1233095,,0.125,0.1052632,0.1225627,0.9935898,,0.4248366,0.6666667,0.7333333,0.02985075,0.9701493,0.003099504,0,0.001379193,0.0007760962,0.002315363
25.78684,"2020-02-18 18:53:03",河南,南阳,155,0,65,2,88,0.4193548,0.01290323,0.5677419,0.03076923,32.5,0.1233095,,0.1247601,0.1052632,0.1227336,0.9935898,,0.4248366,0.6666667,0.7333333,0.02985075,0.9701493,0.003099504,0,0.001379193,0.0007760962,0.002315363
25.92966,"2020-02-18 22:18:43",河南,南阳,155,0,65,2,88,0.4193548,0.01290323,0.5677419,0.03076923,32.5,0.1233095,,0.1245211,0.1052632,0.122905,0.9935898,,0.4248366,0.6666667,0.7333333,0.02985075,0.9701493,0.003099504,0,0.001379193,0.0007760962,0.002315363
26.36436,"2020-02-19 08:44:41",河南,南阳,155,0,65,2,88,0.4193548,0.01290323,0.5677419,0.03076923,32.5,0.1228209,,0.1177536,0.1052632,0.1273517,0.9935898,,0.4248366,0.6666667,0.7333333,0.02985075,0.9701493,0.003099504,0,0.001379193,0.0007760962,0.002315363
26.52608,"2020-02-19 12:37:33",河南,南阳,155,0,65,2,88,0.4193548,0.01290323,0.5677419,0.03076923,32.5,0.1228209,,0.1175407,0.1052632,0.1275362,0.9935898,,0.4248366,0.6666667,0.7333333,0.02985075,0.9701493,0.003099504,0,0.001379193,0.0007760962,0.002315363
26.55396,"2020-02-19 13:17:42",河南,南阳,155,0,65,2,88,0.4193548,0.01290323,0.5677419,0.03076923,32.5,0.1228209,,0.1171171,0.1052632,0.127907,0.9935898,,0.4248366,0.6666667,0.7333333,0.02985075,0.9701493,0.003099504,0,0.001379193,0.0007760962,0.002315363
26.5561,"2020-02-19 13:20:47",河南,南阳,155,0,66,2,87,0.4258065,0.01290323,0.5612903,0.03030303,33,0.1228209,,0.1178571,0.1052632,0.1273792,0.9935898,,0.4313726,0.6666667,0.725,0.02941176,0.9705882,0.003099504,0,0.001400412,0.0007760962,0.002289052
26.71367,"2020-02-19 17:07:41",河南,南阳,155,0,66,2,87,0.4258065,0.01290323,0.5612903,0.03030303,33,0.1228209,,0.1174377,0.1052632,0.1277533,0.9935898,,0.4313726,0.6666667,0.725,0.02941176,0.9705882,0.003099504,0,0.001400412,0.0007760962,0.002289052
26.72229,"2020-02-19 17:20:06",河南,南阳,155,0,66,2,87,0.4258065,0.01290323,0.5612903,0.03030303,33,0.1228209,,0.1170213,0.1052632,0.1281296,0.9935898,,0.4313726,0.6666667,0.725,0.02941176,0.9705882,0.003099504,0,0.001400412,0.0007760962,0.002289052
26.73021,"2020-02-19 17:31:30",河南,南阳,155,0,66,2,87,0.4258065,0.01290323,0.5612903,0.03030303,33,0.1228209,,0.1168142,0.1052632,0.1283186,0.9935898,,0.4313726,0.6666667,0.725,0.02941176,0.9705882,0.003099504,0,0.001400412,0.0007760962,0.002289052
26.76251,"2020-02-19 18:18:01",河南,南阳,155,0,66,2,87,0.4258065,0.01290323,0.5612903,0.03030303,33,0.1228209,,0.1166078,0.1052632,0.1285081,0.9935898,,0.4313726,0.6666667,0.725,0.02941176,0.9705882,0.003099504,0,0.001400412,0.0007760962,0.002289052
26.8263,"2020-02-19 19:49:52",河南,南阳,155,0,66,2,87,0.4258065,0.01290323,0.5612903,0.03030303,33,0.1228209,,0.1153846,0.1052632,0.1296572,0.9935898,,0.4313726,0.6666667,0.725,0.02941176,0.9705882,0.003099504,0,0.001400412,0.0007760962,0.002289052
26.84068,"2020-02-19 20:10:35",河南,南阳,155,0,66,2,87,0.4258065,0.01290323,0.5612903,0.03030303,33,0.1228209,,0.1151832,0.1052632,0.1298507,0.9935898,,0.4313726,0.6666667,0.725,0.02941176,0.9705882,0.003099504,0,0.001400412,0.0007760962,0.002289052
27.3631,"2020-02-20 08:42:52",河南,南阳,155,0,66,2,87,0.4258065,0.01290323,0.5612903,0.03030303,33,0.1225296,,0.1074919,0.1052632,0.1376582,0.9935898,,0.4313726,0.6666667,0.725,0.02941176,0.9705882,0.003099504,0,0.001400412,0.0007760962,0.002289052
27.57903,"2020-02-20 13:53:48",河南,南阳,155,0,66,2,87,0.4258065,0.01290323,0.5612903,0.03030303,33,0.1225296,,0.1071429,0.1052632,0.1380952,0.9935898,,0.4313726,0.6666667,0.725,0.02941176,0.9705882,0.003099504,0,0.001400412,0.0007760962,0.002289052
27.64799,"2020-02-20 15:33:06",河南,南阳,155,0,66,2,87,0.4258065,0.01290323,0.5612903,0.03030303,33,0.1225296,,0.1061093,0.1052632,0.1394231,0.9935898,,0.4313726,0.6666667,0.725,0.02941176,0.9705882,0.003099504,0,0.001400412,0.0007760962,0.002289052
27.7378,"2020-02-20 17:42:26",河南,南阳,155,0,66,2,87,0.4258065,0.01290323,0.5612903,0.03030303,33,0.1225296,,0.1050955,0.1052632,0.1407767,0.9935898,,0.4313726,0.6666667,0.725,0.02941176,0.9705882,0.003099504,0,0.001400412,0.0007760962,0.002289052
27.75292,"2020-02-20 18:04:12",河南,南阳,155,0,66,2,87,0.4258065,0.01290323,0.5612903,0.03030303,33,0.1225296,,0.1047619,0.1052632,0.1412338,0.9935898,,0.4313726,0.6666667,0.725,0.02941176,0.9705882,0.003099504,0,0.001400412,0.0007760962,0.002289052
27.76012,"2020-02-20 18:14:34",河南,南阳,155,0,66,2,87,0.4258065,0.01290323,0.5612903,0.03030303,33,0.1225296,,0.104101,0.1052632,0.1421569,0.9935898,,0.4313726,0.6666667,0.725,0.02941176,0.9705882,0.003099504,0,0.001400412,0.0007760962,0.002289052
27.84419,"2020-02-20 20:15:38",河南,南阳,155,0,66,2,87,0.4258065,0.01290323,0.5612903,0.03030303,33,0.1225296,,0.1021672,0.1052632,0.145,0.9935898,,0.4313726,0.6666667,0.725,0.02941176,0.9705882,0.003099504,0,0.001400412,0.0007760962,0.002289052
27.84562,"2020-02-20 20:17:42",河南,南阳,155,0,66,2,87,0.4258065,0.01290323,0.5612903,0.03030303,33,0.1225296,,0.103937,0.1052632,0.1423895,0.9935898,,0.4313726,0.6666667,0.725,0.02941176,0.9705882,0.003099504,0,0.001400412,0.0007760962,0.002289052
27.89307,"2020-02-20 21:26:01",河南,南阳,155,0,66,2,87,0.4258065,0.01290323,0.5612903,0.03030303,33,0.1225296,,0.1037736,0.1052632,0.1426229,0.9935898,,0.4313726,0.6666667,0.725,0.02941176,0.9705882,0.003099504,0,0.001400412,0.0007760962,0.002289052
27.90745,"2020-02-20 21:46:44",河南,南阳,155,0,66,2,87,0.4258065,0.01290323,0.5612903,0.03030303,33,0.1225296,,0.1036107,0.1052632,0.1428571,0.9935898,,0.4313726,0.6666667,0.725,0.02941176,0.9705882,0.003099504,0,0.001400412,0.0007760962,0.002289052
28.35803,"2020-02-21 08:35:34",河南,南阳,155,0,66,2,87,0.4258065,0.01290323,0.5612903,0.03030303,33,0.1223362,,0.09205021,0.1052632,0.1638418,0.9935898,,0.4313726,0.6666667,0.725,0.02941176,0.9705882,0.003099504,0,0.001400412,0.0007760962,0.002289052
28.78946,"2020-02-21 18:56:49",河南,南阳,155,0,66,2,87,0.4258065,0.01290323,0.5612903,0.03030303,33,0.1223362,,0.09128631,0.1052632,0.1657143,0.9935898,,0.4313726,0.6666667,0.725,0.02941176,0.9705882,0.003099504,0,0.001400412,0.0007760962,0.002289052
28.79234,"2020-02-21 19:00:58",河南,南阳,155,0,66,2,87,0.4258065,0.01290323,0.5612903,0.03030303,33,0.1223362,,0.09116022,0.1052632,0.1660305,0.9935898,,0.4313726,0.6666667,0.725,0.02941176,0.9705882,0.003099504,0,0.001400412,0.0007760962,0.002289052
28.7938,"2020-02-21 19:03:04",河南,南阳,155,0,66,2,87,0.4258065,0.01290323,0.5612903,0.03030303,33,0.1223362,,0.09090909,0.1052632,0.1666667,0.9935898,,0.4313726,0.6666667,0.725,0.02941176,0.9705882,0.003099504,0,0.001400412,0.0007760962,0.002289052
28.79596,"2020-02-21 19:06:11",河南,南阳,155,0,66,2,87,0.4258065,0.01290323,0.5612903,0.03030303,33,0.1223362,,0.09041096,0.1052632,0.1679537,0.9935898,,0.4313726,0.6666667,0.725,0.02941176,0.9705882,0.003099504,0,0.001400412,0.0007760962,0.002289052
28.80102,"2020-02-21 19:13:28",河南,南阳,155,0,66,2,87,0.4258065,0.01290323,0.5612903,0.03030303,33,0.1223362,,0.09004093,0.1052632,0.168932,0.9935898,,0.4313726,0.6666667,0.725,0.02941176,0.9705882,0.003099504,0,0.001400412,0.0007760962,0.002289052
28.80245,"2020-02-21 19:15:32",河南,南阳,155,0,66,2,87,0.4258065,0.01290323,0.5612903,0.03030303,33,0.1223362,,0.09141275,0.1052632,0.1653992,0.9935898,,0.4313726,0.6666667,0.725,0.02941176,0.9705882,0.003099504,0,0.001400412,0.0007760962,0.002289052
28.80389,"2020-02-21 19:17:36",河南,南阳,155,0,66,2,87,0.4258065,0.01290323,0.5612903,0.03030303,33,0.1223362,,0.09103448,0.1052632,0.166348,0.9935898,,0.4313726,0.6666667,0.725,0.02941176,0.9705882,0.003099504,0,0.001400412,0.0007760962,0.002289052
28.86587,"2020-02-21 20:46:51",河南,南阳,155,0,66,2,87,0.4258065,0.01290323,0.5612903,0.03030303,33,0.1223362,,0.08979592,0.1052632,0.1695906,0.9935898,,0.4313726,0.6666667,0.725,0.02941176,0.9705882,0.003099504,0,0.001400412,0.0007760962,0.002289052
28.89838,"2020-02-21 21:33:40",河南,南阳,155,0,66,2,87,0.4258065,0.01290323,0.5612903,0.03030303,33,0.1223362,,0.08967391,0.1052632,0.1699219,0.9935898,,0.4313726,0.6666667,0.725,0.02941176,0.9705882,0.003099504,0,0.001400412,0.0007760962,0.002289052
29.37303,"2020-02-22 08:57:10",河南,南阳,155,0,66,2,87,0.4258065,0.01290323,0.5612903,0.03030303,33,0.1220472,,0.08229426,0.1052632,0.1937639,0.9935898,,0.4313726,0.6666667,0.725,0.02941176,0.9705882,0.003099504,0,0.001400412,0.0007760962,0.002289052
29.58155,"2020-02-22 13:57:26",河南,南阳,155,0,92,2,61,0.5935484,0.01290323,0.3935484,0.02173913,46,0.1220472,,0.1142857,0.1052632,0.1367713,0.9935898,,0.6013072,0.6666667,0.5083333,0.0212766,0.9787234,0.003099504,0,0.001952089,0.0007760962,0.001604968
29.69847,"2020-02-22 16:45:48",河南,南阳,155,0,96,2,57,0.6193548,0.01290323,0.3677419,0.02083333,48,0.1220472,,0.118665,0.1052632,0.1289593,0.9935898,,0.627451,0.6666667,0.475,0.02040816,0.9795918,0.003099504,0,0.002036962,0.0007760962,0.001499724
29.73742,"2020-02-22 17:41:53",河南,南阳,155,0,96,2,57,0.6193548,0.01290323,0.3677419,0.02083333,48,0.1220472,,0.1176471,0.1052632,0.1310345,0.9935898,,0.627451,0.6666667,0.475,0.02040816,0.9795918,0.003099504,0,0.002036962,0.0007760962,0.001499724
29.79889,"2020-02-22 19:10:24",河南,南阳,155,0,96,2,57,0.6193548,0.01290323,0.3677419,0.02083333,48,0.1220472,,0.1173594,0.1052632,0.1316397,0.9935898,,0.627451,0.6666667,0.475,0.02040816,0.9795918,0.003099504,0,0.002036962,0.0007760962,0.001499724
29.81769,"2020-02-22 19:37:28",河南,南阳,155,0,96,2,57,0.6193548,0.01290323,0.3677419,0.02083333,48,0.1220472,,0.1166464,0.1052632,0.1331776,0.9935898,,0.627451,0.6666667,0.475,0.02040816,0.9795918,0.003099504,0,0.002036962,0.0007760962,0.001499724
29.85235,"2020-02-22 20:27:23",河南,南阳,155,0,97,2,56,0.6258065,0.01290323,0.3612903,0.02061856,48.5,0.1220472,,0.1177184,0.1052632,0.1311475,0.9935898,,0.6339869,0.6666667,0.4666667,0.02020202,0.979798,0.003099504,0,0.002058181,0.0007760962,0.001473413
29.91376,"2020-02-22 21:55:49",河南,南阳,155,0,103,2,50,0.6645162,0.01290323,0.3225806,0.01941748,51.5,0.1220472,,0.1242461,0.1052632,0.1184834,0.9935898,,0.6732026,0.6666667,0.4166667,0.01904762,0.9809524,0.003099504,0,0.002185491,0.0007760962,0.001315547
29.92245,"2020-02-22 22:08:20",河南,南阳,155,0,104,2,49,0.6709678,0.01290323,0.316129,0.01923077,52,0.1220472,,0.1253012,0.1052632,0.1163896,0.9935898,,0.6797386,0.6666667,0.4083333,0.01886792,0.9811321,0.003099504,0,0.002206709,0.0007760962,0.001289236
30.35571,"2020-02-23 08:32:13",河南,南阳,155,0,104,2,49,0.6709678,0.01290323,0.316129,0.01923077,52,0.1219512,,0.1207898,0.1052632,0.1253197,0.9935898,,0.6797386,0.6666667,0.4083333,0.01886792,0.9811321,0.003099504,0,0.002206709,0.0007760962,0.001289236
30.49098,"2020-02-23 11:47:01",河南,南阳,155,0,106,2,47,0.683871,0.01290323,0.3032258,0.01886792,53,0.1219512,,0.1229698,0.1052632,0.1205128,0.9935898,,0.6928105,0.6666667,0.3916667,0.01851852,0.9814815,0.003099504,0,0.002249146,0.0007760962,0.001236614
30.76219,"2020-02-23 18:17:33",河南,南阳,155,0,106,2,47,0.683871,0.01290323,0.3032258,0.01886792,53,0.1219512,,0.1224018,0.1052632,0.1217617,0.9935898,,0.6928105,0.6666667,0.3916667,0.01851852,0.9814815,0.003099504,0,0.002249146,0.0007760962,0.001236614
30.7658,"2020-02-23 18:22:45",河南,南阳,155,0,114,2,39,0.7354839,0.01290323,0.2516129,0.01754386,57,0.1219512,,0.1313364,0.1052632,0.1015625,0.9935898,,0.7450981,0.6666667,0.325,0.01724138,0.9827586,0.003099504,0,0.002418893,0.0007760962,0.001026127
30.80488,"2020-02-23 19:19:02",河南,南阳,155,0,114,2,39,0.7354839,0.01290323,0.2516129,0.01754386,57,0.1219512,,0.1313364,0.1052632,0.1015625,0.9935898,,0.7450981,0.6666667,0.325,0.01724138,0.9827586,0.003099504,0,0.002418893,0.0007760962,0.001026127
31.35948,"2020-02-24 08:37:39",河南,南阳,155,0,114,2,39,0.7354839,0.01290323,0.2516129,0.01754386,57,0.1219512,,0.1225806,0.1052632,0.121118,0.9935898,,0.7450981,0.6666667,0.325,0.01724138,0.9827586,0.003099504,0,0.002418893,0.0007760962,0.001026127
31.76174,"2020-02-24 18:16:54",河南,南阳,155,0,124,2,29,0.8,0.01290323,0.1870968,0.01612903,62,0.1219512,,0.1319149,0.1052632,0.09294872,0.9935898,,0.8104575,0.6666667,0.2416667,0.01587302,0.984127,0.003099504,0,0.002631076,0.0007760962,0.0007630173
31.88531,"2020-02-24 21:14:51",河南,南阳,155,0,124,3,28,0.8,0.01935484,0.1806452,0.02419355,41.33333,0.1219512,,0.1314952,0.1578947,0.09061489,0.9935898,,0.8104575,1,0.2333333,0.02362205,0.976378,0.003099504,0,0.002631076,0.001164144,0.0007367064
32.41836,"2020-02-25 10:02:26",河南,南阳,155,0,124,3,28,0.8,0.01935484,0.1806452,0.02419355,41.33333,0.1219512,,0.1253792,0.1578947,0.1064639,0.9935898,,0.8104575,1,0.2333333,0.02362205,0.976378,0.003099504,0,0.002631076,0.001164144,0.0007367064
32.72879,"2020-02-25 17:29:27",河南,南阳,155,0,129,3,23,0.832258,0.01935484,0.1483871,0.02325581,43,0.1219512,,0.130303,0.1578947,0.08778626,0.9935898,,0.8431373,1,0.1916667,0.02272727,0.9772727,0.003099504,0,0.002737168,0.001164144,0.0006051517
32.86134,"2020-02-25 20:40:20",河南,南阳,155,0,129,3,23,0.832258,0.01935484,0.1483871,0.02325581,43,0.1219512,,0.1287425,0.1578947,0.092,0.9935898,,0.8431373,1,0.1916667,0.02272727,0.9772727,0.003099504,0,0.002737168,0.001164144,0.0006051517
33.3586,"2020-02-26 08:36:23",河南,南阳,155,0,129,3,23,0.832258,0.01935484,0.1483871,0.02325581,43,0.1219512,,0.1260997,0.1578947,0.1004367,0.9935898,,0.8431373,1,0.1916667,0.02272727,0.9772727,0.003099504,0,0.002737168,0.001164144,0.0006051517
33.49454,"2020-02-26 11:52:08",河南,南阳,155,0,129,3,23,0.832258,0.01935484,0.1483871,0.02325581,43,0.1219512,,0.1258537,0.1578947,0.1013216,0.9935898,,0.8431373,1,0.1916667,0.02272727,0.9772727,0.003099504,0,0.002737168,0.001164144,0.0006051517
33.74374,"2020-02-26 17:50:59",河南,南阳,155,0,129,3,23,0.832258,0.01935484,0.1483871,0.02325581,43,0.1219512,,0.125,0.1578947,0.1045455,0.9935898,,0.8431373,1,0.1916667,0.02272727,0.9772727,0.003099504,0,0.002737168,0.001164144,0.0006051517
33.77153,"2020-02-26 18:31:00",河南,南阳,155,0,129,3,23,0.832258,0.01935484,0.1483871,0.02325581,43,0.1219512,,0.124879,0.1578947,0.1050228,0.9935898,,0.8431373,1,0.1916667,0.02272727,0.9772727,0.003099504,0,0.002737168,0.001164144,0.0006051517
34.36047,"2020-02-27 08:39:05",河南,南阳,156,0,129,3,24,0.8269231,0.01923077,0.1538462,0.02325581,43,0.1226415,,0.1214689,0.15,0.1263158,1,,0.8431373,1,0.2,0.02272727,0.9772727,0.003119501,0,0.002737168,0.001164144,0.0006314626
34.95803,"2020-02-27 22:59:34",河南,南阳,156,0,138,3,15,0.8846154,0.01923077,0.09615385,0.02173913,46,0.1226415,,0.1292135,0.15,0.08152174,1,,0.9019608,1,0.125,0.0212766,0.9787234,0.003119501,0,0.002928133,0.001164144,0.0003946642
35.36538,"2020-02-28 08:46:09",河南,南阳,156,0,138,3,15,0.8846154,0.01923077,0.09615385,0.02173913,46,0.1226415,,0.1251133,0.15,0.1006711,1,,0.9019608,1,0.125,0.0212766,0.9787234,0.003119501,0,0.002928133,0.001164144,0.0003946642
35.52789,"2020-02-28 12:40:10",河南,南阳,156,0,138,3,15,0.8846154,0.01923077,0.09615385,0.02173913,46,0.1226415,,0.1237668,0.15,0.1094891,1,,0.9019608,1,0.125,0.0212766,0.9787234,0.003119501,0,0.002928133,0.001164144,0.0003946642
35.52863,"2020-02-28 12:41:14",河南,南阳,156,0,130,3,23,0.8333333,0.01923077,0.1474359,0.02307692,43.33333,0.1226415,,0.1174345,0.15,0.1586207,1,,0.8496732,1,0.1916667,0.02255639,0.9774436,0.003119501,0,0.002758387,0.001164144,0.0006051517
35.58522,"2020-02-28 14:02:43",河南,南阳,156,0,130,3,23,0.8333333,0.01923077,0.1474359,0.02307692,43.33333,0.1226415,,0.1171171,0.15,0.1619718,1,,0.8496732,1,0.1916667,0.02255639,0.9774436,0.003119501,0,0.002758387,0.001164144,0.0006051517
35.7195,"2020-02-28 17:16:05",河南,南阳,156,0,139,3,14,0.8910257,0.01923077,0.08974359,0.02158273,46.33333,0.1226415,,0.125,0.15,0.1,1,,0.9084967,1,0.1166667,0.02112676,0.9788733,0.003119501,0,0.002949352,0.001164144,0.0003683532
36.54778,"2020-02-29 13:08:48",河南,南阳,156,0,139,3,14,0.8910257,0.01923077,0.08974359,0.02158273,46.33333,0.1226415,,0.1196213,0.1428571,0.1573034,1,,0.9084967,1,0.1166667,0.02112676,0.9788733,0.003119501,0,0.002949352,0.001164144,0.0003683532
36.84098,"2020-02-29 20:11:01",河南,南阳,156,0,149,3,4,0.9551282,0.01923077,0.02564103,0.02013423,49.66667,0.1226415,,0.1264856,0.1428571,0.05479452,1,,0.9738562,1,0.03333334,0.01973684,0.9802632,0.003119501,0,0.003161535,0.001164144,0.0001052438
36.85737,"2020-02-29 20:34:37",河南,南阳,156,0,149,3,4,0.9551282,0.01923077,0.02564103,0.02013423,49.66667,0.1226415,,0.1273504,0.1428571,0.04938272,1,,0.9738562,1,0.03333334,0.01973684,0.9802632,0.003119501,0,0.003161535,0.001164144,0.0001052438
37.35359,"2020-03-01 08:29:10",河南,南阳,156,0,149,3,4,0.9551282,0.01923077,0.02564103,0.02013423,49.66667,0.1226415,,0.1257384,0.1363636,0.06153846,1,,0.9738562,1,0.03333334,0.01973684,0.9802632,0.003119501,0,0.003161535,0.001164144,0.0001052438
37.75974,"2020-03-01 18:14:01",河南,南阳,156,0,149,3,4,0.9551282,0.01923077,0.02564103,0.02013423,49.66667,0.1226415,,0.1253154,0.1363636,0.06557377,1,,0.9738562,1,0.03333334,0.01973684,0.9802632,0.003119501,0,0.003161535,0.001164144,0.0001052438
37.86113,"2020-03-01 20:40:02",河南,南阳,156,0,149,3,4,0.9551282,0.01923077,0.02564103,0.02013423,49.66667,0.1226415,,0.1244779,0.1363636,0.0754717,1,,0.9738562,1,0.03333334,0.01973684,0.9802632,0.003119501,0,0.003161535,0.001164144,0.0001052438
37.9278,"2020-03-01 22:16:02",河南,南阳,156,0,149,3,4,0.9551282,0.01923077,0.02564103,0.02013423,49.66667,0.1226415,,0.124374,0.1363636,0.07692308,1,,0.9738562,1,0.03333334,0.01973684,0.9802632,0.003119501,0,0.003161535,0.001164144,0.0001052438
38.38895,"2020-03-02 09:20:05",河南,南阳,156,0,149,3,4,0.9551282,0.01923077,0.02564103,0.02013423,49.66667,0.1226415,,0.1236515,0.1363636,0.08888889,1,,0.9738562,1,0.03333334,0.01973684,0.9802632,0.003119501,0,0.003161535,0.001164144,0.0001052438
38.50071,"2020-03-02 12:01:01",河南,南阳,156,0,149,3,4,0.9551282,0.01923077,0.02564103,0.02013423,49.66667,0.1226415,,0.1235489,0.1363636,0.09090909,1,,0.9738562,1,0.03333334,0.01973684,0.9802632,0.003119501,0,0.003161535,0.001164144,0.0001052438
38.72608,"2020-03-02 17:25:33",河南,南阳,156,0,149,3,4,0.9551282,0.01923077,0.02564103,0.02013423,49.66667,0.1226415,,0.1235489,0.1363636,0.09090909,1,,0.9738562,1,0.03333334,0.01973684,0.9802632,0.003119501,0,0.003161535,0.001164144,0.0001052438
38.81623,"2020-03-02 19:35:22",河南,南阳,156,0,149,3,4,0.9551282,0.01923077,0.02564103,0.02013423,49.66667,0.1226415,,0.1236515,0.1363636,0.08888889,1,,0.9738562,1,0.03333334,0.01973684,0.9802632,0.003119501,0,0.003161535,0.001164144,0.0001052438
39.38281,"2020-03-03 09:11:15",河南,南阳,156,0,149,3,4,0.9551282,0.01923077,0.02564103,0.02013423,49.66667,0.1226415,,0.1218316,0.1363636,0.1481481,1,,0.9738562,1,0.03333334,0.01973684,0.9802632,0.003119501,0,0.003161535,0.001164144,0.0001052438
39.48472,"2020-03-03 11:38:00",河南,南阳,156,0,149,3,4,0.9551282,0.01923077,0.02564103,0.02013423,49.66667,0.1226415,,0.121732,0.1363636,0.1538462,1,,0.9738562,1,0.03333334,0.01973684,0.9802632,0.003119501,0,0.003161535,0.001164144,0.0001052438
39.59216,"2020-03-03 14:12:43",河南,南阳,156,0,149,3,4,0.9551282,0.01923077,0.02564103,0.02013423,49.66667,0.1226415,,0.1216327,0.1363636,0.16,1,,0.9738562,1,0.03333334,0.01973684,0.9802632,0.003119501,0,0.003161535,0.001164144,0.0001052438
39.74237,"2020-03-03 17:49:01",河南,南阳,156,0,149,3,4,0.9551282,0.01923077,0.02564103,0.02013423,49.66667,0.1226415,,0.1210398,0.1363636,0.2105263,1,,0.9738562,1,0.03333334,0.01973684,0.9802632,0.003119501,0,0.003161535,0.001164144,0.0001052438
39.9778,"2020-03-03 23:28:02",河南,南阳,156,0,149,3,4,0.9551282,0.01923077,0.02564103,0.02013423,49.66667,0.1226415,,0.1210398,0.1363636,0.2105263,1,,0.9738562,1,0.03333334,0.01973684,0.9802632,0.003119501,0,0.003161535,0.001164144,0.0001052438
40.35389,"2020-03-04 08:29:36",河南,南阳,156,0,149,3,4,0.9551282,0.01923077,0.02564103,0.02013423,49.66667,0.1226415,,0.1207455,0.1363636,0.25,1,,0.9738562,1,0.03333334,0.01973684,0.9802632,0.003119501,0,0.003161535,0.001164144,0.0001052438
41.4014,"2020-03-05 09:38:01",河南,南阳,156,0,149,3,4,0.9551282,0.01923077,0.02564103,0.02013423,49.66667,0.1226415,,0.1202583,0.1363636,0.3636364,1,,0.9738562,1,0.03333334,0.01973684,0.9802632,0.003119501,0,0.003161535,0.001164144,0.0001052438
41.9521,"2020-03-05 22:51:01",河南,南阳,156,0,149,3,4,0.9551282,0.01923077,0.02564103,0.02013423,49.66667,0.1226415,,0.1197749,0.1363636,0.6666667,1,,0.9738562,1,0.03333334,0.01973684,0.9802632,0.003119501,0,0.003161535,0.001164144,0.0001052438
42.38197,"2020-03-06 09:10:02",河南,南阳,156,0,149,3,4,0.9551282,0.01923077,0.02564103,0.02013423,49.66667,0.1226415,,0.1200645,0.1363636,0.4444444,1,,0.9738562,1,0.03333334,0.01973684,0.9802632,0.003119501,0,0.003161535,0.001164144,0.0001052438
42.64655,"2020-03-06 15:31:02",河南,南阳,156,0,149,3,4,0.9551282,0.01923077,0.02564103,0.02013423,49.66667,0.1226415,,0.1199678,0.1363636,0.5,1,,0.9738562,1,0.03333334,0.01973684,0.9802632,0.003119501,0,0.003161535,0.001164144,0.0001052438
42.7646,"2020-03-06 18:21:01",河南,南阳,156,0,149,3,4,0.9551282,0.01923077,0.02564103,0.02013423,49.66667,0.1226415,,0.1198713,0.1363636,0.5714286,1,,0.9738562,1,0.03333334,0.01973684,0.9802632,0.003119501,0,0.003161535,0.001164144,0.0001052438
43.80711,"2020-03-07 19:22:14",河南,南阳,156,0,152,3,1,0.974359,0.01923077,0.006410256,0.01973684,50.66667,0.1226415,,0.1221865,0.1363636,0.1666667,1,,0.9934641,1,0.008333334,0.01935484,0.9806452,0.003119501,0,0.00322519,0.001164144,2.631094E-05
44.41113,"2020-03-08 09:52:02",河南,南阳,156,0,152,3,1,0.974359,0.01923077,0.006410256,0.01973684,50.66667,0.1226415,,0.1219904,0.1363636,0.25,1,,0.9934641,1,0.008333334,0.01935484,0.9806452,0.003119501,0,0.00322519,0.001164144,2.631094E-05
44.55487,"2020-03-08 13:19:01",河南,南阳,156,0,152,3,1,0.974359,0.01923077,0.006410256,0.01973684,50.66667,0.1226415,,0.1218925,0.1363636,0.3333333,1,,0.9934641,1,0.008333334,0.01935484,0.9806452,0.003119501,0,0.00322519,0.001164144,2.631094E-05
47.36803,"2020-03-11 08:49:58",河南,南阳,156,0,152,3,1,0.974359,0.01923077,0.006410256,0.01973684,50.66667,0.1226415,,0.1216974,0.1363636,1,1,,0.9934641,1,0.008333334,0.01935484,0.9806452,0.003119501,0,0.00322519,0.001164144,2.631094E-05
47.66257,"2020-03-11 15:54:06",河南,南阳,156,0,152,3,1,0.974359,0.01923077,0.006410256,0.01973684,50.66667,0.1225452,,0.1216974,0.1363636,0.5,1,,0.9934641,1,0.008333334,0.01935484,0.9806452,0.003119501,0,0.00322519,0.001164144,2.631094E-05
48.54516,"2020-03-12 13:05:02",河南,南阳,156,0,153,3,0,0.9807692,0.01923077,0,0.01960784,51,0.1225452,,0.122498,0.1363636,0,1,,1,1,0,0.01923077,0.9807692,0.003119501,0,0.003246409,0.001164144,0
50.74243,"2020-03-14 17:49:06",河南,南阳,156,0,153,3,0,0.9807692,0.01923077,0,0.01960784,51,0.1225452,,0.1224,0.1363636,0,1,,1,1,0,0.01923077,0.9807692,0.003119501,0,0.003246409,0.001164144,0
59.38303,"2020-03-23 09:11:34",河南,南阳,156,0,153,3,0,0.9807692,0.01923077,0,0.01960784,51,0.122449,,0.1224,0.1363636,0,1,,1,1,0,0.01923077,0.9807692,0.003119501,0,0.003246409,0.001164144,0
62.42668,"2020-03-26 10:14:25",河南,南阳,156,0,153,3,0,0.9807692,0.01923077,0,0.01960784,51,0.1223529,,0.1224,0.1363636,0,1,,1,1,0,0.01923077,0.9807692,0.003119501,0,0.003246409,0.001164144,0
64.39993,"2020-03-28 09:35:54",河南,南阳,156,0,153,3,0,0.9807692,0.01923077,0,0.01960784,51,0.1223529,,0.1223022,0.1363636,0,1,,1,1,0,0.01923077,0.9807692,0.003119501,0,0.003246409,0.001164144,0
65.40556,"2020-03-29 09:44:01",河南,南阳,156,0,153,3,0,0.9807692,0.01923077,0,0.01960784,51,0.1222571,,0.1223022,0.1363636,0,1,,1,1,0,0.01923077,0.9807692,0.003119501,0,0.003246409,0.001164144,0
73.36258,"2020-04-06 08:42:07",河南,南阳,156,0,153,3,0,0.9807692,0.01923077,0,0.01960784,51,0.1222571,,0.1222045,0.1363636,0,1,,1,1,0,0.01923077,0.9807692,0.003119501,0,0.003246409,0.001164144,0
79.43437,"2020-04-12 10:25:30",河南,南阳,156,0,153,3,0,0.9807692,0.01923077,0,0.01960784,51,0.1222571,,0.1221069,0.1363636,0,1,,1,1,0,0.01923077,0.9807692,0.003119501,0,0.003246409,0.001164144,0
