TimeOffset,UpdateTime,ParentName,ParentConfirmedCount,ParentSuspectedCount,ParentCuredCount,ParentDeadCount,ParentTreatingCount,ParentCuredRate,ParentDeadRate,ParentTreatingRate,ParentDeadDivideCured,ParentCuredDivideDead,ParentConfirmedNorm,ParentSuspectedNorm,ParentCuredNorm,ParentDeadNorm,ParentTreatingNorm,ParentDeadRateEx,ParentCuredRateEx,ParentTatalConfirmedNorm,ParentTatalSuspectedNorm,ParentTatalCuredNorm,ParentTatalDeadNorm,ParentTatalTreatingNorm
56.52344,"2020-03-20 12:33:45",尼日尔,1,0,0,0,1,0,0,1,,,0.001642036,,0,0,0.00204499,,,4.557945E-07,0,0,0,1.718609E-06
56.55494,"2020-03-20 13:19:07",尼日尔,1,0,0,0,1,0,0,1,,,0.001642036,,0,0,0.00204499,,,4.557945E-07,0,0,0,1.718609E-06
56.56397,"2020-03-20 13:32:07",尼日尔,1,0,0,0,1,0,0,1,,,0.001642036,,0,0,0.00204499,,,4.557945E-07,0,0,0,1.718609E-06
56.97859,"2020-03-20 23:29:10",尼日尔,1,0,0,0,1,0,0,1,,,0.001642036,,0,0,0.00204499,,,4.557945E-07,0,0,0,1.718609E-06
57.41876,"2020-03-21 10:03:01",尼日尔,1,0,0,0,1,0,0,1,,,0.001642036,,0,0,0.00204499,,,4.557945E-07,0,0,0,1.718609E-06
57.47359,"2020-03-21 11:21:58",尼日尔,1,0,0,0,1,0,0,1,,,0.001642036,,0,0,0.00204499,,,4.557945E-07,0,0,0,1.718609E-06
57.89864,"2020-03-21 21:34:02",尼日尔,1,0,0,0,1,0,0,1,,,0.001642036,,0,0,0.00204499,,,4.557945E-07,0,0,0,1.718609E-06
58.63933,"2020-03-22 15:20:38",尼日尔,1,0,0,0,1,0,0,1,,,0.001642036,,0,0,0.00204499,,,4.557945E-07,0,0,0,1.718609E-06
58.67144,"2020-03-22 16:06:52",尼日尔,1,0,0,0,1,0,0,1,,,0.001642036,,0,0,0.00204499,,,4.557945E-07,0,0,0,1.718609E-06
58.67373,"2020-03-22 16:10:10",尼日尔,1,0,0,0,1,0,0,1,,,0.001642036,,0,0,0.00204499,,,4.557945E-07,0,0,0,1.718609E-06
58.78626,"2020-03-22 18:52:13",尼日尔,1,0,0,0,1,0,0,1,,,0.001642036,,0,0,0.00204499,,,4.557945E-07,0,0,0,1.718609E-06
58.93266,"2020-03-22 22:23:02",尼日尔,2,0,0,0,2,0,0,1,,,0.003284072,,0,0,0.004089979,,,9.115891E-07,0,0,0,3.437217E-06
58.96117,"2020-03-22 23:04:05",尼日尔,2,0,0,0,2,0,0,1,,,0.003284072,,0,0,0.004089979,,,9.115891E-07,0,0,0,3.437217E-06
59.20255,"2020-03-23 04:51:40",尼日尔,2,0,0,0,2,0,0,1,,,0.003284072,,0,0,0.004089979,,,9.115891E-07,0,0,0,3.437217E-06
59.22614,"2020-03-23 05:25:38",尼日尔,2,0,0,0,2,0,0,1,,,0.003284072,,0,0,0.004089979,,,9.115891E-07,0,0,0,3.437217E-06
59.32478,"2020-03-23 07:47:41",尼日尔,2,0,0,0,2,0,0,1,,,0.003284072,,0,0,0.004089979,,,9.115891E-07,0,0,0,3.437217E-06
59.32863,"2020-03-23 07:53:14",尼日尔,2,0,0,0,2,0,0,1,,,0.003284072,,0,0,0.004089979,,,9.115891E-07,0,0,0,3.437217E-06
59.41842,"2020-03-23 10:02:31",尼日尔,2,0,0,0,2,0,0,1,,,0.003284072,,0,0,0.004089979,,,9.115891E-07,0,0,0,3.437217E-06
59.43769,"2020-03-23 10:30:16",尼日尔,2,0,0,0,2,0,0,1,,,0.003284072,,0,0,0.004089979,,,9.115891E-07,0,0,0,3.437217E-06
59.43847,"2020-03-23 10:31:24",尼日尔,2,0,0,0,2,0,0,1,,,0.003284072,,0,0,0.004089979,,,9.115891E-07,0,0,0,3.437217E-06
59.50339,"2020-03-23 12:04:53",尼日尔,2,0,0,0,2,0,0,1,,,0.003284072,,0,0,0.004089979,,,9.115891E-07,0,0,0,3.437217E-06
59.54601,"2020-03-23 13:06:15",尼日尔,2,0,0,0,2,0,0,1,,,0.003284072,,0,0,0.004089979,,,9.115891E-07,0,0,0,3.437217E-06
59.54992,"2020-03-23 13:11:53",尼日尔,2,0,0,0,2,0,0,1,,,0.003284072,,0,0,0.004089979,,,9.115891E-07,0,0,0,3.437217E-06
59.6857,"2020-03-23 16:27:24",尼日尔,2,0,0,0,2,0,0,1,,,0.003284072,,0,0,0.004089979,,,9.115891E-07,0,0,0,3.437217E-06
59.81739,"2020-03-23 19:37:03",尼日尔,2,0,0,0,2,0,0,1,,,0.003284072,,0,0,0.004089979,,,9.115891E-07,0,0,0,3.437217E-06
59.96926,"2020-03-23 23:15:44",尼日尔,2,0,0,0,2,0,0,1,,,0.003284072,,0,0,0.004089979,,,9.115891E-07,0,0,0,3.437217E-06
60.30337,"2020-03-24 07:16:51",尼日尔,2,0,0,0,2,0,0,1,,,0.003284072,,0,0,0.004089979,,,9.115891E-07,0,0,0,3.437217E-06
60.51336,"2020-03-24 12:19:14",尼日尔,2,0,0,0,2,0,0,1,,,0.003284072,,0,0,0.004089979,,,9.115891E-07,0,0,0,3.437217E-06
60.62437,"2020-03-24 14:59:06",尼日尔,2,0,0,0,2,0,0,1,,,0.003284072,,0,0,0.004089979,,,9.115891E-07,0,0,0,3.437217E-06
60.63916,"2020-03-24 15:20:23",尼日尔,2,0,0,0,2,0,0,1,,,0.003284072,,0,0,0.004089979,,,9.115891E-07,0,0,0,3.437217E-06
60.66175,"2020-03-24 15:52:55",尼日尔,2,0,0,0,2,0,0,1,,,0.003284072,,0,0,0.004089979,,,9.115891E-07,0,0,0,3.437217E-06
60.66488,"2020-03-24 15:57:26",尼日尔,2,0,0,0,2,0,0,1,,,0.003284072,,0,0,0.004089979,,,9.115891E-07,0,0,0,3.437217E-06
60.71506,"2020-03-24 17:09:41",尼日尔,2,0,0,0,2,0,0,1,,,0.003284072,,0,0,0.004089979,,,9.115891E-07,0,0,0,3.437217E-06
60.80522,"2020-03-24 19:19:31",尼日尔,2,0,0,0,2,0,0,1,,,0.003284072,,0,0,0.004089979,,,9.115891E-07,0,0,0,3.437217E-06
60.87705,"2020-03-24 21:02:57",尼日尔,2,0,0,0,2,0,0,1,,,0.003284072,,0,0,0.004089979,,,9.115891E-07,0,0,0,3.437217E-06
60.92802,"2020-03-24 22:16:21",尼日尔,2,0,0,0,2,0,0,1,,,0.003284072,,0,0,0.004089979,,,9.115891E-07,0,0,0,3.437217E-06
61.27872,"2020-03-25 06:41:21",尼日尔,7,0,0,0,7,0,0,1,,,0.01149425,,0,0,0.01431493,,,3.190562E-06,0,0,0,1.203026E-05
61.61322,"2020-03-25 14:43:02",尼日尔,7,0,0,0,7,0,0,1,,,0.01149425,,0,0,0.01431493,,,3.190562E-06,0,0,0,1.203026E-05
61.64619,"2020-03-25 15:30:31",尼日尔,7,0,0,0,7,0,0,1,,,0.01149425,,0,0,0.01431493,,,3.190562E-06,0,0,0,1.203026E-05
61.8223,"2020-03-25 19:44:07",尼日尔,7,0,0,0,7,0,0,1,,,0.01149425,,0,0,0.01431493,,,3.190562E-06,0,0,0,1.203026E-05
62.25301,"2020-03-26 06:04:20",尼日尔,7,0,0,0,7,0,0,1,,,0.01149425,,0,0,0.01431493,,,3.190562E-06,0,0,0,1.203026E-05
62.28788,"2020-03-26 06:54:33",尼日尔,7,0,0,0,7,0,0,1,,,0.01149425,,0,0,0.01431493,,,3.190562E-06,0,0,0,1.203026E-05
62.303,"2020-03-26 07:16:19",尼日尔,7,0,0,0,7,0,0,1,,,0.01149425,,0,0,0.01431493,,,3.190562E-06,0,0,0,1.203026E-05
62.52244,"2020-03-26 12:32:19",尼日尔,7,0,0,0,7,0,0,1,,,0.01149425,,0,0,0.01431493,,,3.190562E-06,0,0,0,1.203026E-05
62.57919,"2020-03-26 13:54:02",尼日尔,7,0,0,0,7,0,0,1,,,0.01149425,,0,0,0.01431493,,,3.190562E-06,0,0,0,1.203026E-05
62.84871,"2020-03-26 20:22:08",尼日尔,7,0,0,0,7,0,0,1,,,0.01149425,,0,0,0.01431493,,,3.190562E-06,0,0,0,1.203026E-05
63.30337,"2020-03-27 07:16:51",尼日尔,7,0,0,0,7,0,0,1,,,0.01149425,,0,0,0.01431493,,,3.190562E-06,0,0,0,1.203026E-05
63.33982,"2020-03-27 08:09:21",尼日尔,8,0,0,1,7,0,0.125,0.875,,0,0.01313629,,0,0.06666667,0.01431493,1,0,3.646356E-06,0,0,6.682393E-06,1.203026E-05
63.36087,"2020-03-27 08:39:39",尼日尔,8,0,0,1,7,0,0.125,0.875,,0,0.01313629,,0,0.06666667,0.01431493,1,0,3.646356E-06,0,0,6.682393E-06,1.203026E-05
63.39723,"2020-03-27 09:32:01",尼日尔,8,0,0,1,7,0,0.125,0.875,,0,0.01313629,,0,0.06666667,0.01431493,1,0,3.646356E-06,0,0,6.682393E-06,1.203026E-05
63.41808,"2020-03-27 10:02:02",尼日尔,8,0,0,1,7,0,0.125,0.875,,0,0.01313629,,0,0.06666667,0.01431493,1,0,3.646356E-06,0,0,6.682393E-06,1.203026E-05
63.43335,"2020-03-27 10:24:01",尼日尔,8,0,0,1,7,0,0.125,0.875,,0,0.01313629,,0,0.06666667,0.01431493,1,0,3.646356E-06,0,0,6.682393E-06,1.203026E-05
63.50468,"2020-03-27 12:06:44",尼日尔,8,0,0,1,7,0,0.125,0.875,,0,0.01313629,,0,0.06666667,0.01431493,1,0,3.646356E-06,0,0,6.682393E-06,1.203026E-05
63.53059,"2020-03-27 12:44:03",尼日尔,8,0,0,1,7,0,0.125,0.875,,0,0.01313629,,0,0.06666667,0.01431493,1,0,3.646356E-06,0,0,6.682393E-06,1.203026E-05
63.79922,"2020-03-27 19:10:53",尼日尔,8,0,0,1,7,0,0.125,0.875,,0,0.01313629,,0,0.06666667,0.01431493,1,0,3.646356E-06,0,0,6.682393E-06,1.203026E-05
64.26659,"2020-03-28 06:23:53",尼日尔,8,0,0,1,7,0,0.125,0.875,,0,0.01313629,,0,0.06666667,0.01431493,1,0,3.646356E-06,0,0,6.682393E-06,1.203026E-05
64.2729,"2020-03-28 06:32:58",尼日尔,8,0,0,1,7,0,0.125,0.875,,0,0.01313629,,0,0.06666667,0.01431493,1,0,3.646356E-06,0,0,6.682393E-06,1.203026E-05
64.39362,"2020-03-28 09:26:49",尼日尔,10,0,0,1,9,0,0.1,0.9,,0,0.01642036,,0,0.06666667,0.01840491,1,0,4.557945E-06,0,0,6.682393E-06,1.546748E-05
64.41755,"2020-03-28 10:01:16",尼日尔,10,0,0,1,9,0,0.1,0.9,,0,0.01642036,,0,0.06666667,0.01840491,1,0,4.557945E-06,0,0,6.682393E-06,1.546748E-05
64.48139,"2020-03-28 11:33:12",尼日尔,10,0,0,1,9,0,0.1,0.9,,0,0.01642036,,0,0.06666667,0.01840491,1,0,4.557945E-06,0,0,6.682393E-06,1.546748E-05
64.50945,"2020-03-28 12:13:36",尼日尔,10,0,0,1,9,0,0.1,0.9,,0,0.01642036,,0,0.06666667,0.01840491,1,0,4.557945E-06,0,0,6.682393E-06,1.546748E-05
64.78508,"2020-03-28 18:50:31",尼日尔,10,0,0,1,9,0,0.1,0.9,,0,0.01642036,,0,0.06666667,0.01840491,1,0,4.557945E-06,0,0,6.682393E-06,1.546748E-05
64.80477,"2020-03-28 19:18:52",尼日尔,10,0,0,1,9,0,0.1,0.9,,0,0.01642036,,0,0.06666667,0.01840491,1,0,4.557945E-06,0,0,6.682393E-06,1.546748E-05
65.54128,"2020-03-29 12:59:27",尼日尔,10,0,0,1,9,0,0.1,0.9,,0,0.01642036,,0,0.06666667,0.01840491,1,0,4.557945E-06,0,0,6.682393E-06,1.546748E-05
65.55811,"2020-03-29 13:23:41",尼日尔,10,0,0,1,9,0,0.1,0.9,,0,0.01642036,,0,0.06666667,0.01840491,1,0,4.557945E-06,0,0,6.682393E-06,1.546748E-05
66.32244,"2020-03-30 07:44:19",尼日尔,10,0,0,1,9,0,0.1,0.9,,0,0.01642036,,0,0.06666667,0.01840491,1,0,4.557945E-06,0,0,6.682393E-06,1.546748E-05
66.54544,"2020-03-30 13:05:26",尼日尔,10,0,0,1,9,0,0.1,0.9,,0,0.01642036,,0,0.06666667,0.01840491,1,0,4.557945E-06,0,0,6.682393E-06,1.546748E-05
66.90858,"2020-03-30 21:48:21",尼日尔,10,0,0,1,9,0,0.1,0.9,,0,0.01642036,,0,0.06666667,0.01840491,1,0,4.557945E-06,0,0,6.682393E-06,1.546748E-05
67.30021,"2020-03-31 07:12:18",尼日尔,20,0,0,3,17,0,0.15,0.85,,0,0.03284072,,0,0.2,0.03476483,1,0,9.115891E-06,0,0,2.004718E-05,2.921635E-05
67.41764,"2020-03-31 10:01:24",尼日尔,20,0,0,3,17,0,0.15,0.85,,0,0.03284072,,0,0.2,0.03476483,1,0,9.115891E-06,0,0,2.004718E-05,2.921635E-05
67.51533,"2020-03-31 12:22:04",尼日尔,20,0,0,3,17,0,0.15,0.85,,0,0.03284072,,0,0.2,0.03476483,1,0,9.115891E-06,0,0,2.004718E-05,2.921635E-05
67.54969,"2020-03-31 13:11:33",尼日尔,20,0,0,3,17,0,0.15,0.85,,0,0.03284072,,0,0.2,0.03476483,1,0,9.115891E-06,0,0,2.004718E-05,2.921635E-05
67.92174,"2020-03-31 22:07:18",尼日尔,20,0,0,3,17,0,0.15,0.85,,0,0.03284072,,0,0.2,0.03476483,1,0,9.115891E-06,0,0,2.004718E-05,2.921635E-05
68.32785,"2020-04-01 07:52:06",尼日尔,20,0,0,3,17,0,0.15,0.85,,0,0.03284072,,0,0.2,0.03476483,1,0,9.115891E-06,0,0,2.004718E-05,2.921635E-05
68.5252,"2020-04-01 12:36:17",尼日尔,20,0,0,3,17,0,0.15,0.85,,0,0.03284072,,0,0.2,0.03476483,1,0,9.115891E-06,0,0,2.004718E-05,2.921635E-05
68.7085,"2020-04-01 17:00:14",尼日尔,34,0,0,3,31,0,0.0882353,0.9117647,,0,0.05582923,,0,0.2,0.06339468,1,0,1.549701E-05,0,0,2.004718E-05,5.327687E-05
68.8103,"2020-04-01 19:26:50",尼日尔,34,0,0,3,31,0,0.0882353,0.9117647,,0,0.05582923,,0,0.2,0.06339468,1,0,1.549701E-05,0,0,2.004718E-05,5.327687E-05
68.81311,"2020-04-01 19:30:53",尼日尔,34,0,0,3,31,0,0.0882353,0.9117647,,0,0.05582923,,0,0.2,0.06339468,1,0,1.549701E-05,0,0,2.004718E-05,5.327687E-05
69.41763,"2020-04-02 10:01:23",尼日尔,34,0,0,3,31,0,0.0882353,0.9117647,,0,0.05582923,,0,0.2,0.06339468,1,0,1.549701E-05,0,0,2.004718E-05,5.327687E-05
69.537,"2020-04-02 12:53:17",尼日尔,34,0,0,3,31,0,0.0882353,0.9117647,,0,0.05582923,,0,0.2,0.06339468,1,0,1.549701E-05,0,0,2.004718E-05,5.327687E-05
69.57633,"2020-04-02 13:49:55",尼日尔,34,0,0,3,31,0,0.0882353,0.9117647,,0,0.05582923,,0,0.2,0.06339468,1,0,1.549701E-05,0,0,2.004718E-05,5.327687E-05
69.96838,"2020-04-02 23:14:28",尼日尔,74,0,0,5,69,0,0.06756756,0.9324324,,0,0.1215107,,0,0.3333333,0.1411043,1,0,3.37288E-05,0,0,3.341196E-05,0.000118584
70.27647,"2020-04-03 06:38:07",尼日尔,74,0,0,5,69,0,0.06756756,0.9324324,,0,0.1215107,,0,0.3333333,0.1411043,1,0,3.37288E-05,0,0,3.341196E-05,0.000118584
70.29119,"2020-04-03 06:59:19",尼日尔,74,0,0,5,69,0,0.06756756,0.9324324,,0,0.1215107,,0,0.3333333,0.1411043,1,0,3.37288E-05,0,0,3.341196E-05,0.000118584
70.41769,"2020-04-03 10:01:29",尼日尔,74,0,0,5,69,0,0.06756756,0.9324324,,0,0.1215107,,0,0.3333333,0.1411043,1,0,3.37288E-05,0,0,3.341196E-05,0.000118584
70.53426,"2020-04-03 12:49:20",尼日尔,74,0,0,5,69,0,0.06756756,0.9324324,,0,0.1215107,,0,0.3333333,0.1411043,1,0,3.37288E-05,0,0,3.341196E-05,0.000118584
70.60105,"2020-04-03 14:25:31",尼日尔,74,0,0,5,69,0,0.06756756,0.9324324,,0,0.1215107,,0,0.3333333,0.1411043,1,0,3.37288E-05,0,0,3.341196E-05,0.000118584
70.73312,"2020-04-03 17:35:41",尼日尔,98,0,0,5,93,0,0.05102041,0.9489796,,0,0.1609195,,0,0.3333333,0.190184,1,0,4.466786E-05,0,0,3.341196E-05,0.0001598306
70.76329,"2020-04-03 18:19:08",尼日尔,98,0,0,5,93,0,0.05102041,0.9489796,,0,0.1609195,,0,0.3333333,0.190184,1,0,4.466786E-05,0,0,3.341196E-05,0.0001598306
70.81734,"2020-04-03 19:36:58",尼日尔,98,0,0,5,93,0,0.05102041,0.9489796,,0,0.1609195,,0,0.3333333,0.190184,1,0,4.466786E-05,0,0,3.341196E-05,0.0001598306
70.89816,"2020-04-03 21:33:21",尼日尔,98,0,0,5,93,0,0.05102041,0.9489796,,0,0.1609195,,0,0.3333333,0.190184,1,0,4.466786E-05,0,0,3.341196E-05,0.0001598306
71.33065,"2020-04-04 07:56:08",尼日尔,120,0,0,5,115,0,0.04166667,0.9583333,,0,0.1970443,,0,0.3333333,0.2351738,1,0,5.469535E-05,0,0,3.341196E-05,0.00019764
71.41785,"2020-04-04 10:01:42",尼日尔,120,0,0,5,115,0,0.04166667,0.9583333,,0,0.1970443,,0,0.3333333,0.2351738,1,0,5.469535E-05,0,0,3.341196E-05,0.00019764
71.54665,"2020-04-04 13:07:11",尼日尔,120,0,0,5,115,0,0.04166667,0.9583333,,0,0.1970443,,0,0.3333333,0.2351738,1,0,5.469535E-05,0,0,3.341196E-05,0.00019764
71.73494,"2020-04-04 17:38:19",尼日尔,120,0,0,5,115,0,0.04166667,0.9583333,,0,0.1970443,,0,0.3333333,0.2351738,1,0,5.469535E-05,0,0,3.341196E-05,0.00019764
71.79967,"2020-04-04 19:11:32",尼日尔,120,0,0,5,115,0,0.04166667,0.9583333,,0,0.1970443,,0,0.3333333,0.2351738,1,0,5.469535E-05,0,0,3.341196E-05,0.00019764
71.93315,"2020-04-04 22:23:44",尼日尔,120,0,0,5,115,0,0.04166667,0.9583333,,0,0.1970443,,0,0.3333333,0.2351738,1,0,5.469535E-05,0,0,3.341196E-05,0.00019764
72.33495,"2020-04-05 08:02:19",尼日尔,120,0,0,5,115,0,0.04166667,0.9583333,,0,0.1970443,,0,0.3333333,0.2351738,1,0,5.469535E-05,0,0,3.341196E-05,0.00019764
72.33705,"2020-04-05 08:05:21",尼日尔,120,0,0,5,115,0,0.04166667,0.9583333,,0,0.1970443,,0,0.3333333,0.2351738,1,0,5.469535E-05,0,0,3.341196E-05,0.00019764
72.36792,"2020-04-05 08:49:48",尼日尔,144,0,0,8,136,0,0.05555556,0.9444444,,0,0.2364532,,0,0.5333334,0.2781186,1,0,6.563441E-05,0,0,5.345914E-05,0.0002337308
72.41787,"2020-04-05 10:01:44",尼日尔,144,0,0,8,136,0,0.05555556,0.9444444,,0,0.2364532,,0,0.5333334,0.2781186,1,0,6.563441E-05,0,0,5.345914E-05,0.0002337308
72.51209,"2020-04-05 12:17:25",尼日尔,144,0,0,8,136,0,0.05555556,0.9444444,,0,0.2364532,,0,0.5333334,0.2781186,1,0,6.563441E-05,0,0,5.345914E-05,0.0002337308
72.59926,"2020-04-05 14:22:56",尼日尔,144,0,0,8,136,0,0.05555556,0.9444444,,0,0.2364532,,0,0.5333334,0.2781186,1,0,6.563441E-05,0,0,5.345914E-05,0.0002337308
72.64075,"2020-04-05 15:22:41",尼日尔,144,0,0,8,136,0,0.05555556,0.9444444,,0,0.2364532,,0,0.5333334,0.2781186,1,0,6.563441E-05,0,0,5.345914E-05,0.0002337308
72.72435,"2020-04-05 17:23:04",尼日尔,144,0,0,8,136,0,0.05555556,0.9444444,,0,0.2364532,,0,0.5333334,0.2781186,1,0,6.563441E-05,0,0,5.345914E-05,0.0002337308
72.80451,"2020-04-05 19:18:30",尼日尔,144,0,0,8,136,0,0.05555556,0.9444444,,0,0.2364532,,0,0.5333334,0.2781186,1,0,6.563441E-05,0,0,5.345914E-05,0.0002337308
72.84247,"2020-04-05 20:13:09",尼日尔,144,0,0,8,136,0,0.05555556,0.9444444,,0,0.2364532,,0,0.5333334,0.2781186,1,0,6.563441E-05,0,0,5.345914E-05,0.0002337308
73.305,"2020-04-06 07:19:12",尼日尔,184,0,13,10,161,0.07065217,0.05434782,0.875,0.7692308,1.3,0.3021346,,0.1238095,0.6666667,0.3292434,0.4347826,0.5652174,8.386619E-05,0,2.156595E-05,6.682392E-05,0.000276696
73.36258,"2020-04-06 08:42:07",尼日尔,184,0,13,10,161,0.07065217,0.05434782,0.875,0.7692308,1.3,0.3021346,,0.1238095,0.6666667,0.3292434,0.4347826,0.5652174,8.386619E-05,0,2.156595E-05,6.682392E-05,0.000276696
73.4175,"2020-04-06 10:01:12",尼日尔,184,0,13,10,161,0.07065217,0.05434782,0.875,0.7692308,1.3,0.3021346,,0.1238095,0.6666667,0.3292434,0.4347826,0.5652174,8.386619E-05,0,2.156595E-05,6.682392E-05,0.000276696
73.43155,"2020-04-06 10:21:26",尼日尔,184,0,13,10,161,0.07065217,0.05434782,0.875,0.7692308,1.3,0.3021346,,0.1238095,0.6666667,0.3292434,0.4347826,0.5652174,8.386619E-05,0,2.156595E-05,6.682392E-05,0.000276696
73.51175,"2020-04-06 12:16:55",尼日尔,184,0,13,10,161,0.07065217,0.05434782,0.875,0.7692308,1.3,0.3021346,,0.1238095,0.6666667,0.3292434,0.4347826,0.5652174,8.386619E-05,0,2.156595E-05,6.682392E-05,0.000276696
73.62531,"2020-04-06 15:00:27",尼日尔,184,0,13,10,161,0.07065217,0.05434782,0.875,0.7692308,1.3,0.3021346,,0.1238095,0.6666667,0.3292434,0.4347826,0.5652174,8.386619E-05,0,2.156595E-05,6.682392E-05,0.000276696
73.68024,"2020-04-06 16:19:33",尼日尔,184,0,13,10,161,0.07065217,0.05434782,0.875,0.7692308,1.3,0.3021346,,0.1238095,0.6666667,0.3292434,0.4347826,0.5652174,8.386619E-05,0,2.156595E-05,6.682392E-05,0.000276696
73.69012,"2020-04-06 16:33:46",尼日尔,184,0,13,10,161,0.07065217,0.05434782,0.875,0.7692308,1.3,0.3021346,,0.1238095,0.6666667,0.3292434,0.4347826,0.5652174,8.386619E-05,0,2.156595E-05,6.682392E-05,0.000276696
73.81781,"2020-04-06 19:37:39",尼日尔,184,0,13,10,161,0.07065217,0.05434782,0.875,0.7692308,1.3,0.3021346,,0.1238095,0.6666667,0.3292434,0.4347826,0.5652174,8.386619E-05,0,2.156595E-05,6.682392E-05,0.000276696
73.93948,"2020-04-06 22:32:51",尼日尔,184,0,13,10,161,0.07065217,0.05434782,0.875,0.7692308,1.3,0.3021346,,0.1238095,0.6666667,0.3292434,0.4347826,0.5652174,8.386619E-05,0,2.156595E-05,6.682392E-05,0.000276696
74.31978,"2020-04-07 07:40:29",尼日尔,253,0,13,10,230,0.0513834,0.03952569,0.9090909,0.7692308,1.3,0.4154351,,0.1238095,0.6666667,0.4703476,0.4347826,0.5652174,0.000115316,0,2.156595E-05,6.682392E-05,0.00039528
74.32962,"2020-04-07 07:54:39",尼日尔,253,0,26,10,217,0.1027668,0.03952569,0.8577075,0.3846154,2.6,0.4154351,,0.247619,0.6666667,0.4437628,0.2777778,0.7222222,0.000115316,0,4.313191E-05,6.682392E-05,0.0003729381
74.34789,"2020-04-07 08:20:57",尼日尔,253,0,26,10,217,0.1027668,0.03952569,0.8577075,0.3846154,2.6,0.4154351,,0.247619,0.6666667,0.4437628,0.2777778,0.7222222,0.000115316,0,4.313191E-05,6.682392E-05,0.0003729381
74.41776,"2020-04-07 10:01:35",尼日尔,253,0,26,10,217,0.1027668,0.03952569,0.8577075,0.3846154,2.6,0.4154351,,0.247619,0.6666667,0.4437628,0.2777778,0.7222222,0.000115316,0,4.313191E-05,6.682392E-05,0.0003729381
74.44663,"2020-04-07 10:43:09",尼日尔,253,0,26,10,217,0.1027668,0.03952569,0.8577075,0.3846154,2.6,0.4154351,,0.247619,0.6666667,0.4437628,0.2777778,0.7222222,0.000115316,0,4.313191E-05,6.682392E-05,0.0003729381
74.45295,"2020-04-07 10:52:15",尼日尔,253,0,26,10,217,0.1027668,0.03952569,0.8577075,0.3846154,2.6,0.4154351,,0.247619,0.6666667,0.4437628,0.2777778,0.7222222,0.000115316,0,4.313191E-05,6.682392E-05,0.0003729381
74.53248,"2020-04-07 12:46:46",尼日尔,253,0,26,10,217,0.1027668,0.03952569,0.8577075,0.3846154,2.6,0.4154351,,0.247619,0.6666667,0.4437628,0.2777778,0.7222222,0.000115316,0,4.313191E-05,6.682392E-05,0.0003729381
74.65556,"2020-04-07 15:44:01",尼日尔,253,0,26,10,217,0.1027668,0.03952569,0.8577075,0.3846154,2.6,0.4154351,,0.247619,0.6666667,0.4437628,0.2777778,0.7222222,0.000115316,0,4.313191E-05,6.682392E-05,0.0003729381
74.83573,"2020-04-07 20:03:27",尼日尔,253,0,26,10,217,0.1027668,0.03952569,0.8577075,0.3846154,2.6,0.4154351,,0.247619,0.6666667,0.4437628,0.2777778,0.7222222,0.000115316,0,4.313191E-05,6.682392E-05,0.0003729381
74.94397,"2020-04-07 22:39:19",尼日尔,253,0,26,10,217,0.1027668,0.03952569,0.8577075,0.3846154,2.6,0.4154351,,0.247619,0.6666667,0.4437628,0.2777778,0.7222222,0.000115316,0,4.313191E-05,6.682392E-05,0.0003729381
74.98051,"2020-04-07 23:31:56",尼日尔,253,0,26,10,217,0.1027668,0.03952569,0.8577075,0.3846154,2.6,0.4154351,,0.247619,0.6666667,0.4437628,0.2777778,0.7222222,0.000115316,0,4.313191E-05,6.682392E-05,0.0003729381
74.99812,"2020-04-07 23:57:17",尼日尔,253,0,26,10,217,0.1027668,0.03952569,0.8577075,0.3846154,2.6,0.4154351,,0.247619,0.6666667,0.4437628,0.2777778,0.7222222,0.000115316,0,4.313191E-05,6.682392E-05,0.0003729381
75.35947,"2020-04-08 08:37:38",尼日尔,253,0,26,10,217,0.1027668,0.03952569,0.8577075,0.3846154,2.6,0.4154351,,0.247619,0.6666667,0.4437628,0.2777778,0.7222222,0.000115316,0,4.313191E-05,6.682392E-05,0.0003729381
75.50378,"2020-04-08 12:05:27",尼日尔,253,0,26,10,217,0.1027668,0.03952569,0.8577075,0.3846154,2.6,0.4154351,,0.247619,0.6666667,0.4437628,0.2777778,0.7222222,0.000115316,0,4.313191E-05,6.682392E-05,0.0003729381
75.54249,"2020-04-08 13:01:11",尼日尔,253,0,26,10,217,0.1027668,0.03952569,0.8577075,0.3846154,2.6,0.4154351,,0.247619,0.6666667,0.4437628,0.2777778,0.7222222,0.000115316,0,4.313191E-05,6.682392E-05,0.0003729381
75.80109,"2020-04-08 19:13:34",尼日尔,253,0,26,10,217,0.1027668,0.03952569,0.8577075,0.3846154,2.6,0.4154351,,0.247619,0.6666667,0.4437628,0.2777778,0.7222222,0.000115316,0,4.313191E-05,6.682392E-05,0.0003729381
75.9728,"2020-04-08 23:20:50",尼日尔,253,0,26,10,217,0.1027668,0.03952569,0.8577075,0.3846154,2.6,0.4154351,,0.247619,0.6666667,0.4437628,0.2777778,0.7222222,0.000115316,0,4.313191E-05,6.682392E-05,0.0003729381
76.34061,"2020-04-09 08:10:29",尼日尔,278,0,26,11,241,0.09352518,0.03956835,0.8669065,0.4230769,2.363636,0.456486,,0.247619,0.7333333,0.4928425,0.2972973,0.7027027,0.0001267109,0,4.313191E-05,7.350631E-05,0.0004141847
76.34834,"2020-04-09 08:21:36",尼日尔,278,0,26,11,241,0.09352518,0.03956835,0.8669065,0.4230769,2.363636,0.456486,,0.247619,0.7333333,0.4928425,0.2972973,0.7027027,0.0001267109,0,4.313191E-05,7.350631E-05,0.0004141847
76.35325,"2020-04-09 08:28:41",尼日尔,342,0,28,11,303,0.08187135,0.03216374,0.8859649,0.3928571,2.545455,0.5615764,,0.2666667,0.7333333,0.6196319,0.2820513,0.7179487,0.0001558817,0,4.644975E-05,7.350631E-05,0.0005207384
76.35677,"2020-04-09 08:33:45",尼日尔,342,0,28,11,303,0.08187135,0.03216374,0.8859649,0.3928571,2.545455,0.5615764,,0.2666667,0.7333333,0.6196319,0.2820513,0.7179487,0.0001558817,0,4.644975E-05,7.350631E-05,0.0005207384
76.41798,"2020-04-09 10:01:53",尼日尔,342,0,28,11,303,0.08187135,0.03216374,0.8859649,0.3928571,2.545455,0.5615764,,0.2666667,0.7333333,0.6196319,0.2820513,0.7179487,0.0001558817,0,4.644975E-05,7.350631E-05,0.0005207384
76.41868,"2020-04-09 10:02:54",尼日尔,342,0,28,11,303,0.08187135,0.03216374,0.8859649,0.3928571,2.545455,0.5615764,,0.2666667,0.7333333,0.6196319,0.2820513,0.7179487,0.0001558817,0,4.644975E-05,7.350631E-05,0.0005207384
76.43204,"2020-04-09 10:22:08",尼日尔,342,0,28,11,303,0.08187135,0.03216374,0.8859649,0.3928571,2.545455,0.5615764,,0.2666667,0.7333333,0.6196319,0.2820513,0.7179487,0.0001558817,0,4.644975E-05,7.350631E-05,0.0005207384
76.61929,"2020-04-09 14:51:46",尼日尔,342,0,28,11,303,0.08187135,0.03216374,0.8859649,0.3928571,2.545455,0.5615764,,0.2666667,0.7333333,0.6196319,0.2820513,0.7179487,0.0001558817,0,4.644975E-05,7.350631E-05,0.0005207384
76.8017,"2020-04-09 19:14:27",尼日尔,342,0,28,11,303,0.08187135,0.03216374,0.8859649,0.3928571,2.545455,0.5615764,,0.2666667,0.7333333,0.6196319,0.2820513,0.7179487,0.0001558817,0,4.644975E-05,7.350631E-05,0.0005207384
76.99819,"2020-04-09 23:57:24",尼日尔,342,0,28,11,303,0.08187135,0.03216374,0.8859649,0.3928571,2.545455,0.5615764,,0.2666667,0.7333333,0.6196319,0.2820513,0.7179487,0.0001558817,0,4.644975E-05,7.350631E-05,0.0005207384
77.32594,"2020-04-10 07:49:21",尼日尔,410,0,40,11,359,0.09756097,0.02682927,0.8756098,0.275,3.636364,0.6732348,,0.3809524,0.7333333,0.7341513,0.2156863,0.7843137,0.0001868758,0,6.635678E-05,7.350631E-05,0.0006169805
77.33936,"2020-04-10 08:08:41",尼日尔,410,0,40,11,359,0.09756097,0.02682927,0.8756098,0.275,3.636364,0.6732348,,0.3809524,0.7333333,0.7341513,0.2156863,0.7843137,0.0001868758,0,6.635678E-05,7.350631E-05,0.0006169805
77.34147,"2020-04-10 08:11:43",尼日尔,410,0,40,11,359,0.09756097,0.02682927,0.8756098,0.275,3.636364,0.6732348,,0.3809524,0.7333333,0.7341513,0.2156863,0.7843137,0.0001868758,0,6.635678E-05,7.350631E-05,0.0006169805
77.4176,"2020-04-10 10:01:21",尼日尔,410,0,40,11,359,0.09756097,0.02682927,0.8756098,0.275,3.636364,0.6732348,,0.3809524,0.7333333,0.7341513,0.2156863,0.7843137,0.0001868758,0,6.635678E-05,7.350631E-05,0.0006169805
77.42467,"2020-04-10 10:11:31",尼日尔,410,0,40,11,359,0.09756097,0.02682927,0.8756098,0.275,3.636364,0.6732348,,0.3809524,0.7333333,0.7341513,0.2156863,0.7843137,0.0001868758,0,6.635678E-05,7.350631E-05,0.0006169805
77.57396,"2020-04-10 13:46:30",尼日尔,410,0,40,11,359,0.09756097,0.02682927,0.8756098,0.275,3.636364,0.6732348,,0.3809524,0.7333333,0.7341513,0.2156863,0.7843137,0.0001868758,0,6.635678E-05,7.350631E-05,0.0006169805
77.75898,"2020-04-10 18:12:56",尼日尔,410,0,40,11,359,0.09756097,0.02682927,0.8756098,0.275,3.636364,0.6732348,,0.3809524,0.7333333,0.7341513,0.2156863,0.7843137,0.0001868758,0,6.635678E-05,7.350631E-05,0.0006169805
77.7963,"2020-04-10 19:06:40",尼日尔,410,0,40,11,359,0.09756097,0.02682927,0.8756098,0.275,3.636364,0.6732348,,0.3809524,0.7333333,0.7341513,0.2156863,0.7843137,0.0001868758,0,6.635678E-05,7.350631E-05,0.0006169805
78.3183,"2020-04-11 07:38:21",尼日尔,410,0,40,11,359,0.09756097,0.02682927,0.8756098,0.275,3.636364,0.6732348,,0.3809524,0.7333333,0.7341513,0.2156863,0.7843137,0.0001868758,0,6.635678E-05,7.350631E-05,0.0006169805
78.33096,"2020-04-11 07:56:35",尼日尔,438,0,41,11,386,0.09360731,0.02511415,0.8812785,0.2682927,3.727273,0.7192118,,0.3904762,0.7333333,0.7893661,0.2115385,0.7884616,0.000199638,0,6.80157E-05,7.350631E-05,0.000663383
78.41196,"2020-04-11 09:53:14",尼日尔,438,0,41,11,386,0.09360731,0.02511415,0.8812785,0.2682927,3.727273,0.7192118,,0.3904762,0.7333333,0.7893661,0.2115385,0.7884616,0.000199638,0,6.80157E-05,7.350631E-05,0.000663383
78.41766,"2020-04-11 10:01:26",尼日尔,438,0,41,11,386,0.09360731,0.02511415,0.8812785,0.2682927,3.727273,0.7192118,,0.3904762,0.7333333,0.7893661,0.2115385,0.7884616,0.000199638,0,6.80157E-05,7.350631E-05,0.000663383
78.53027,"2020-04-11 12:43:35",尼日尔,438,0,41,11,386,0.09360731,0.02511415,0.8812785,0.2682927,3.727273,0.7192118,,0.3904762,0.7333333,0.7893661,0.2115385,0.7884616,0.000199638,0,6.80157E-05,7.350631E-05,0.000663383
78.67953,"2020-04-11 16:18:31",尼日尔,438,0,41,11,386,0.09360731,0.02511415,0.8812785,0.2682927,3.727273,0.7192118,,0.3904762,0.7333333,0.7893661,0.2115385,0.7884616,0.000199638,0,6.80157E-05,7.350631E-05,0.000663383
78.7225,"2020-04-11 17:20:24",尼日尔,438,0,41,11,386,0.09360731,0.02511415,0.8812785,0.2682927,3.727273,0.7192118,,0.3904762,0.7333333,0.7893661,0.2115385,0.7884616,0.000199638,0,6.80157E-05,7.350631E-05,0.000663383
78.82259,"2020-04-11 19:44:32",尼日尔,438,0,41,11,386,0.09360731,0.02511415,0.8812785,0.2682927,3.727273,0.7192118,,0.3904762,0.7333333,0.7893661,0.2115385,0.7884616,0.000199638,0,6.80157E-05,7.350631E-05,0.000663383
78.87052,"2020-04-11 20:53:33",尼日尔,438,0,41,11,386,0.09360731,0.02511415,0.8812785,0.2682927,3.727273,0.7192118,,0.3904762,0.7333333,0.7893661,0.2115385,0.7884616,0.000199638,0,6.80157E-05,7.350631E-05,0.000663383
78.99094,"2020-04-11 23:46:57",尼日尔,438,0,41,11,386,0.09360731,0.02511415,0.8812785,0.2682927,3.727273,0.7192118,,0.3904762,0.7333333,0.7893661,0.2115385,0.7884616,0.000199638,0,6.80157E-05,7.350631E-05,0.000663383
79.43437,"2020-04-12 10:25:30",尼日尔,491,0,50,11,430,0.101833,0.02240326,0.8757638,0.22,4.545455,0.8062397,,0.4761905,0.7333333,0.8793456,0.1803279,0.8196721,0.0002237951,0,8.294598E-05,7.350631E-05,0.0007390018
79.45686,"2020-04-12 10:57:53",尼日尔,491,0,50,11,430,0.101833,0.02240326,0.8757638,0.22,4.545455,0.8062397,,0.4761905,0.7333333,0.8793456,0.1803279,0.8196721,0.0002237951,0,8.294598E-05,7.350631E-05,0.0007390018
79.53008,"2020-04-12 12:43:19",尼日尔,491,0,50,11,430,0.101833,0.02240326,0.8757638,0.22,4.545455,0.8062397,,0.4761905,0.7333333,0.8793456,0.1803279,0.8196721,0.0002237951,0,8.294598E-05,7.350631E-05,0.0007390018
79.72092,"2020-04-12 17:18:07",尼日尔,491,0,50,11,430,0.101833,0.02240326,0.8757638,0.22,4.545455,0.8062397,,0.4761905,0.7333333,0.8793456,0.1803279,0.8196721,0.0002237951,0,8.294598E-05,7.350631E-05,0.0007390018
79.83281,"2020-04-12 19:59:15",尼日尔,491,0,50,11,430,0.101833,0.02240326,0.8757638,0.22,4.545455,0.8062397,,0.4761905,0.7333333,0.8793456,0.1803279,0.8196721,0.0002237951,0,8.294598E-05,7.350631E-05,0.0007390018
79.86665,"2020-04-12 20:47:58",尼日尔,491,0,50,11,430,0.101833,0.02240326,0.8757638,0.22,4.545455,0.8062397,,0.4761905,0.7333333,0.8793456,0.1803279,0.8196721,0.0002237951,0,8.294598E-05,7.350631E-05,0.0007390018
79.96799,"2020-04-12 23:13:55",尼日尔,491,0,50,11,430,0.101833,0.02240326,0.8757638,0.22,4.545455,0.8062397,,0.4761905,0.7333333,0.8793456,0.1803279,0.8196721,0.0002237951,0,8.294598E-05,7.350631E-05,0.0007390018
79.97152,"2020-04-12 23:18:59",尼日尔,491,0,50,11,430,0.101833,0.02240326,0.8757638,0.22,4.545455,0.8062397,,0.4761905,0.7333333,0.8793456,0.1803279,0.8196721,0.0002237951,0,8.294598E-05,7.350631E-05,0.0007390018
80.3244,"2020-04-13 07:47:08",尼日尔,491,0,50,11,430,0.101833,0.02240326,0.8757638,0.22,4.545455,0.8062397,,0.4761905,0.7333333,0.8793456,0.1803279,0.8196721,0.0002237951,0,8.294598E-05,7.350631E-05,0.0007390018
80.33282,"2020-04-13 07:59:16",尼日尔,529,0,75,12,442,0.1417769,0.02268431,0.8355387,0.16,6.25,0.8686371,,0.7142857,0.8,0.9038855,0.137931,0.862069,0.0002411153,0,0.000124419,8.018871E-05,0.0007596251
80.73369,"2020-04-13 17:36:31",尼日尔,529,0,75,12,442,0.1417769,0.02268431,0.8355387,0.16,6.25,0.8686371,,0.7142857,0.8,0.9038855,0.137931,0.862069,0.0002411153,0,0.000124419,8.018871E-05,0.0007596251
80.80052,"2020-04-13 19:12:45",尼日尔,529,0,75,12,442,0.1417769,0.02268431,0.8355387,0.16,6.25,0.8686371,,0.7142857,0.8,0.9038855,0.137931,0.862069,0.0002411153,0,0.000124419,8.018871E-05,0.0007596251
80.97807,"2020-04-13 23:28:25",尼日尔,529,0,75,12,442,0.1417769,0.02268431,0.8355387,0.16,6.25,0.8686371,,0.7142857,0.8,0.9038855,0.137931,0.862069,0.0002411153,0,0.000124419,8.018871E-05,0.0007596251
81.32088,"2020-04-14 07:42:04",尼日尔,529,0,75,12,442,0.1417769,0.02268431,0.8355387,0.16,6.25,0.8686371,,0.7142857,0.8,0.9038855,0.137931,0.862069,0.0002411153,0,0.000124419,8.018871E-05,0.0007596251
81.32861,"2020-04-14 07:53:12",尼日尔,548,0,86,13,449,0.1569343,0.02372263,0.8193431,0.1511628,6.615385,0.8998358,,0.8190476,0.8666667,0.9182004,0.1313131,0.8686869,0.0002497754,0,0.0001426671,8.687111E-05,0.0007716554
81.36385,"2020-04-14 08:43:57",尼日尔,548,0,86,13,449,0.1569343,0.02372263,0.8193431,0.1511628,6.615385,0.8998358,,0.8190476,0.8666667,0.9182004,0.1313131,0.8686869,0.0002497754,0,0.0001426671,8.687111E-05,0.0007716554
81.41759,"2020-04-14 10:01:20",尼日尔,548,0,86,13,449,0.1569343,0.02372263,0.8193431,0.1511628,6.615385,0.8998358,,0.8190476,0.8666667,0.9182004,0.1313131,0.8686869,0.0002497754,0,0.0001426671,8.687111E-05,0.0007716554
81.44854,"2020-04-14 10:45:54",尼日尔,548,0,86,13,449,0.1569343,0.02372263,0.8193431,0.1511628,6.615385,0.8998358,,0.8190476,0.8666667,0.9182004,0.1313131,0.8686869,0.0002497754,0,0.0001426671,8.687111E-05,0.0007716554
81.55782,"2020-04-14 13:23:16",尼日尔,548,0,86,13,449,0.1569343,0.02372263,0.8193431,0.1511628,6.615385,0.8998358,,0.8190476,0.8666667,0.9182004,0.1313131,0.8686869,0.0002497754,0,0.0001426671,8.687111E-05,0.0007716554
81.99462,"2020-04-14 23:52:15",尼日尔,548,0,86,13,449,0.1569343,0.02372263,0.8193431,0.1511628,6.615385,0.8998358,,0.8190476,0.8666667,0.9182004,0.1313131,0.8686869,0.0002497754,0,0.0001426671,8.687111E-05,0.0007716554
82.31836,"2020-04-15 07:38:26",尼日尔,548,0,86,13,449,0.1569343,0.02372263,0.8193431,0.1511628,6.615385,0.8998358,,0.8190476,0.8666667,0.9182004,0.1313131,0.8686869,0.0002497754,0,0.0001426671,8.687111E-05,0.0007716554
82.32821,"2020-04-15 07:52:37",尼日尔,570,0,90,14,466,0.1578947,0.0245614,0.8175439,0.1555556,6.428571,0.9359606,,0.8571429,0.9333333,0.9529653,0.1346154,0.8653846,0.0002598029,0,0.0001493028,9.35535E-05,0.0008008717
82.33383,"2020-04-15 08:00:43",尼日尔,570,0,90,14,466,0.1578947,0.0245614,0.8175439,0.1555556,6.428571,0.9359606,,0.8571429,0.9333333,0.9529653,0.1346154,0.8653846,0.0002598029,0,0.0001493028,9.35535E-05,0.0008008717
82.34648,"2020-04-15 08:18:56",尼日尔,570,0,90,14,466,0.1578947,0.0245614,0.8175439,0.1555556,6.428571,0.9359606,,0.8571429,0.9333333,0.9529653,0.1346154,0.8653846,0.0002598029,0,0.0001493028,9.35535E-05,0.0008008717
82.4178,"2020-04-15 10:01:38",尼日尔,570,0,90,14,466,0.1578947,0.0245614,0.8175439,0.1555556,6.428571,0.9359606,,0.8571429,0.9333333,0.9529653,0.1346154,0.8653846,0.0002598029,0,0.0001493028,9.35535E-05,0.0008008717
82.57504,"2020-04-15 13:48:03",尼日尔,570,0,90,14,466,0.1578947,0.0245614,0.8175439,0.1555556,6.428571,0.9359606,,0.8571429,0.9333333,0.9529653,0.1346154,0.8653846,0.0002598029,0,0.0001493028,9.35535E-05,0.0008008717
82.63366,"2020-04-15 15:12:28",尼日尔,570,0,90,14,466,0.1578947,0.0245614,0.8175439,0.1555556,6.428571,0.9359606,,0.8571429,0.9333333,0.9529653,0.1346154,0.8653846,0.0002598029,0,0.0001493028,9.35535E-05,0.0008008717
82.81116,"2020-04-15 19:28:04",尼日尔,570,0,90,14,466,0.1578947,0.0245614,0.8175439,0.1555556,6.428571,0.9359606,,0.8571429,0.9333333,0.9529653,0.1346154,0.8653846,0.0002598029,0,0.0001493028,9.35535E-05,0.0008008717
82.89664,"2020-04-15 21:31:10",尼日尔,570,0,90,14,466,0.1578947,0.0245614,0.8175439,0.1555556,6.428571,0.9359606,,0.8571429,0.9333333,0.9529653,0.1346154,0.8653846,0.0002598029,0,0.0001493028,9.35535E-05,0.0008008717
83.26151,"2020-04-16 06:16:34",尼日尔,570,0,90,14,466,0.1578947,0.0245614,0.8175439,0.1555556,6.428571,0.9359606,,0.8571429,0.9333333,0.9529653,0.1346154,0.8653846,0.0002598029,0,0.0001493028,9.35535E-05,0.0008008717
83.31786,"2020-04-16 07:37:43",尼日尔,570,0,90,14,466,0.1578947,0.0245614,0.8175439,0.1555556,6.428571,0.9359606,,0.8571429,0.9333333,0.9529653,0.1346154,0.8653846,0.0002598029,0,0.0001493028,9.35535E-05,0.0008008717
83.33052,"2020-04-16 07:55:57",尼日尔,570,0,90,14,466,0.1578947,0.0245614,0.8175439,0.1555556,6.428571,0.9359606,,0.8571429,0.9333333,0.9529653,0.1346154,0.8653846,0.0002598029,0,0.0001493028,9.35535E-05,0.0008008717
83.34959,"2020-04-16 08:23:25",尼日尔,584,0,97,14,473,0.1660959,0.0239726,0.8099315,0.1443299,6.928571,0.9589491,,0.9238095,0.9333333,0.9672801,0.1261261,0.8738739,0.000266184,0,0.0001609152,9.35535E-05,0.0008129019
83.41793,"2020-04-16 10:01:49",尼日尔,584,0,97,14,473,0.1660959,0.0239726,0.8099315,0.1443299,6.928571,0.9589491,,0.9238095,0.9333333,0.9672801,0.1261261,0.8738739,0.000266184,0,0.0001609152,9.35535E-05,0.0008129019
83.59845,"2020-04-16 14:21:46",尼日尔,584,0,97,14,473,0.1660959,0.0239726,0.8099315,0.1443299,6.928571,0.9589491,,0.9238095,0.9333333,0.9672801,0.1261261,0.8738739,0.000266184,0,0.0001609152,9.35535E-05,0.0008129019
83.83954,"2020-04-16 20:08:56",尼日尔,584,0,97,14,473,0.1660959,0.0239726,0.8099315,0.1443299,6.928571,0.9589491,,0.9238095,0.9333333,0.9672801,0.1261261,0.8738739,0.000266184,0,0.0001609152,9.35535E-05,0.0008129019
83.92339,"2020-04-16 22:09:41",尼日尔,584,0,97,14,473,0.1660959,0.0239726,0.8099315,0.1443299,6.928571,0.9589491,,0.9238095,0.9333333,0.9672801,0.1261261,0.8738739,0.000266184,0,0.0001609152,9.35535E-05,0.0008129019
83.99171,"2020-04-16 23:48:04",尼日尔,584,0,97,14,473,0.1660959,0.0239726,0.8099315,0.1443299,6.928571,0.9589491,,0.9238095,0.9333333,0.9672801,0.1261261,0.8738739,0.000266184,0,0.0001609152,9.35535E-05,0.0008129019
84.03613,"2020-04-17 00:52:01",尼日尔,584,0,97,14,473,0.1660959,0.0239726,0.8099315,0.1443299,6.928571,0.9589491,,0.9238095,0.9333333,0.9672801,0.1261261,0.8738739,0.000266184,0,0.0001609152,9.35535E-05,0.0008129019
84.3101,"2020-04-17 07:26:33",尼日尔,584,0,97,14,473,0.1660959,0.0239726,0.8099315,0.1443299,6.928571,0.9589491,,0.9238095,0.9333333,0.9672801,0.1261261,0.8738739,0.000266184,0,0.0001609152,9.35535E-05,0.0008129019
84.31786,"2020-04-17 07:37:43",尼日尔,609,0,105,15,489,0.1724138,0.02463054,0.8029557,0.1428571,7,1,,1,1,1,0.125,0.875,0.0002775789,0,0.0001741865,0.0001002359,0.0008403997
84.40533,"2020-04-17 09:43:40",尼日尔,609,0,105,15,489,0.1724138,0.02463054,0.8029557,0.1428571,7,1,,1,1,1,0.125,0.875,0.0002775789,0,0.0001741865,0.0001002359,0.0008403997
84.41798,"2020-04-17 10:01:53",尼日尔,609,0,105,15,489,0.1724138,0.02463054,0.8029557,0.1428571,7,1,,1,1,1,0.125,0.875,0.0002775789,0,0.0001741865,0.0001002359,0.0008403997
84.44901,"2020-04-17 10:46:34",尼日尔,609,0,105,15,489,0.1724138,0.02463054,0.8029557,0.1428571,7,1,,1,1,1,0.125,0.875,0.0002775789,0,0.0001741865,0.0001002359,0.0008403997
84.54778,"2020-04-17 13:08:48",尼日尔,609,0,105,15,489,0.1724138,0.02463054,0.8029557,0.1428571,7,1,,1,1,1,0.125,0.875,0.0002775789,0,0.0001741865,0.0001002359,0.0008403997
