TimeOffset,UpdateTime,ParentName,ParentConfirmedCount,ParentSuspectedCount,ParentCuredCount,ParentDeadCount,ParentTreatingCount,ParentCuredRate,ParentDeadRate,ParentTreatingRate,ParentDeadDivideCured,ParentCuredDivideDead,ParentConfirmedNorm,ParentSuspectedNorm,ParentCuredNorm,ParentDeadNorm,ParentTreatingNorm,ParentDeadDivideCuredNorm,ParentCuredDivideDeadNorm,ParentTatalConfirmedNorm,ParentTatalSuspectedNorm,ParentTatalCuredNorm,ParentTatalDeadNorm,ParentTatalTreatingNorm
3.72272,"2020-01-27 17:20:43",泰国,7,0,2,0,5,0.2857143,0,0.7142857,0,,0.003952569,,0.01574803,0,0.003063726,0,,7.325647E-06,0,8.143323E-06,0,2.802439E-05
4.030498,"2020-01-28 00:43:55",泰国,8,0,5,0,3,0.625,0,0.375,0,,0.004517222,,0.03937008,0,0.001838235,0,,8.372168E-06,0,2.035831E-05,0,1.681464E-05
4.655197,"2020-01-28 15:43:29",泰国,14,0,5,0,9,0.3571429,0,0.6428571,0,,0.007905139,,0.03937008,0,0.005514706,0,,1.465129E-05,0,2.035831E-05,0,5.04439E-05
7.769294,"2020-01-31 18:27:47",泰国,19,0,5,0,14,0.2631579,0,0.7368421,0,,0.0107284,,0.03937008,0,0.008578432,0,,1.98839E-05,0,2.035831E-05,0,7.84683E-05
8.116817,"2020-02-01 02:48:13",泰国,19,0,5,0,14,0.2631579,0,0.7368421,0,,0.0107284,,0.03937008,0,0.008578432,0,,1.98839E-05,0,2.035831E-05,0,7.84683E-05
11.97964,"2020-02-04 23:30:41",泰国,25,0,5,0,20,0.2,0,0.8,0,,0.01411632,,0.03937008,0,0.0122549,0,,2.616302E-05,0,2.035831E-05,0,0.0001120976
15.86434,"2020-02-08 20:44:39",泰国,32,0,10,0,22,0.3125,0,0.6875,0,,0.01806889,,0.07874016,0,0.01348039,0,,3.348867E-05,0,4.071661E-05,0,0.0001233073
17.58954,"2020-02-10 14:08:56",泰国,32,0,10,0,22,0.3125,0,0.6875,0,,0.01806889,,0.07874016,0,0.01348039,0,,3.348867E-05,0,4.071661E-05,0,0.0001233073
17.63887,"2020-02-10 15:19:58",泰国,32,0,10,0,22,0.3125,0,0.6875,0,,0.01806889,,0.07874016,0,0.01348039,0,,3.348867E-05,0,4.071661E-05,0,0.0001233073
17.64382,"2020-02-10 15:27:06",泰国,32,0,10,0,22,0.3125,0,0.6875,0,,0.01806889,,0.07874016,0,0.01348039,0,,3.348867E-05,0,4.071661E-05,0,0.0001233073
17.83306,"2020-02-10 19:59:36",泰国,32,0,10,0,22,0.3125,0,0.6875,0,,0.01806889,,0.07874016,0,0.01348039,0,,3.348867E-05,0,4.071661E-05,0,0.0001233073
17.85282,"2020-02-10 20:28:04",泰国,32,0,10,0,22,0.3125,0,0.6875,0,,0.01806889,,0.07874016,0,0.01348039,0,,3.348867E-05,0,4.071661E-05,0,0.0001233073
18.31115,"2020-02-11 07:28:03",泰国,32,0,10,0,22,0.3125,0,0.6875,0,,0.01806889,,0.07874016,0,0.01348039,0,,3.348867E-05,0,4.071661E-05,0,0.0001233073
18.34921,"2020-02-11 08:22:52",泰国,32,0,10,0,22,0.3125,0,0.6875,0,,0.01806889,,0.07874016,0,0.01348039,0,,3.348867E-05,0,4.071661E-05,0,0.0001233073
18.39648,"2020-02-11 09:30:56",泰国,32,0,10,0,22,0.3125,0,0.6875,0,,0.01806889,,0.07874016,0,0.01348039,0,,3.348867E-05,0,4.071661E-05,0,0.0001233073
18.7851,"2020-02-11 18:50:33",泰国,32,0,10,0,22,0.3125,0,0.6875,0,,0.01806889,,0.07874016,0,0.01348039,0,,3.348867E-05,0,4.071661E-05,0,0.0001233073
18.80635,"2020-02-11 19:21:09",泰国,32,0,10,0,22,0.3125,0,0.6875,0,,0.01806889,,0.07874016,0,0.01348039,0,,3.348867E-05,0,4.071661E-05,0,0.0001233073
19.31034,"2020-02-12 07:26:53",泰国,32,0,10,0,22,0.3125,0,0.6875,0,,0.01806889,,0.07874016,0,0.01348039,0,,3.348867E-05,0,4.071661E-05,0,0.0001233073
19.38577,"2020-02-12 09:15:31",泰国,32,0,10,0,22,0.3125,0,0.6875,0,,0.01806889,,0.07874016,0,0.01348039,0,,3.348867E-05,0,4.071661E-05,0,0.0001233073
19.64979,"2020-02-12 15:35:42",泰国,33,0,10,0,23,0.3030303,0,0.6969697,0,,0.01863354,,0.07874016,0,0.01409314,0,,3.453519E-05,0,4.071661E-05,0,0.0001289122
19.79744,"2020-02-12 19:08:19",泰国,33,0,10,0,23,0.3030303,0,0.6969697,0,,0.01863354,,0.07874016,0,0.01409314,0,,3.453519E-05,0,4.071661E-05,0,0.0001289122
19.93311,"2020-02-12 22:23:41",泰国,33,0,10,0,23,0.3030303,0,0.6969697,0,,0.01863354,,0.07874016,0,0.01409314,0,,3.453519E-05,0,4.071661E-05,0,0.0001289122
20.01333,"2020-02-13 00:19:12",泰国,33,0,10,0,23,0.3030303,0,0.6969697,0,,0.01863354,,0.07874016,0,0.01409314,0,,3.453519E-05,0,4.071661E-05,0,0.0001289122
20.01841,"2020-02-13 00:26:31",泰国,33,0,10,0,23,0.3030303,0,0.6969697,0,,0.01863354,,0.07874016,0,0.01409314,0,,3.453519E-05,0,4.071661E-05,0,0.0001289122
20.04012,"2020-02-13 00:57:46",泰国,33,0,10,0,23,0.3030303,0,0.6969697,0,,0.01863354,,0.07874016,0,0.01409314,0,,3.453519E-05,0,4.071661E-05,0,0.0001289122
20.2886,"2020-02-13 06:55:35",泰国,33,0,10,0,23,0.3030303,0,0.6969697,0,,0.01863354,,0.07874016,0,0.01409314,0,,3.453519E-05,0,4.071661E-05,0,0.0001289122
20.34736,"2020-02-13 08:20:12",泰国,33,0,10,0,23,0.3030303,0,0.6969697,0,,0.01863354,,0.07874016,0,0.01409314,0,,3.453519E-05,0,4.071661E-05,0,0.0001289122
20.56064,"2020-02-13 13:27:19",泰国,33,0,10,0,23,0.3030303,0,0.6969697,0,,0.01863354,,0.07874016,0,0.01409314,0,,3.453519E-05,0,4.071661E-05,0,0.0001289122
20.76851,"2020-02-13 18:26:39",泰国,33,0,10,0,23,0.3030303,0,0.6969697,0,,0.01863354,,0.07874016,0,0.01409314,0,,3.453519E-05,0,4.071661E-05,0,0.0001289122
20.80861,"2020-02-13 19:24:24",泰国,33,0,10,0,23,0.3030303,0,0.6969697,0,,0.01863354,,0.07874016,0,0.01409314,0,,3.453519E-05,0,4.071661E-05,0,0.0001289122
21.30556,"2020-02-14 07:20:00",泰国,33,0,10,0,23,0.3030303,0,0.6969697,0,,0.01863354,,0.07874016,0,0.01409314,0,,3.453519E-05,0,4.071661E-05,0,0.0001289122
21.30701,"2020-02-14 07:22:06",泰国,33,0,10,0,23,0.3030303,0,0.6969697,0,,0.01863354,,0.07874016,0,0.01409314,0,,3.453519E-05,0,4.071661E-05,0,0.0001289122
22.31102,"2020-02-15 07:27:52",泰国,33,0,10,0,23,0.3030303,0,0.6969697,0,,0.01863354,,0.07874016,0,0.01409314,0,,3.453519E-05,0,4.071661E-05,0,0.0001289122
22.4747,"2020-02-15 11:23:34",泰国,33,0,10,0,23,0.3030303,0,0.6969697,0,,0.01863354,,0.07874016,0,0.01409314,0,,3.453519E-05,0,4.071661E-05,0,0.0001289122
22.58016,"2020-02-15 13:55:26",泰国,33,0,13,0,20,0.3939394,0,0.6060606,0,,0.01863354,,0.1023622,0,0.0122549,0,,3.453519E-05,0,5.293159E-05,0,0.0001120976
22.61267,"2020-02-15 14:42:15",泰国,33,0,13,0,20,0.3939394,0,0.6060606,0,,0.01863354,,0.1023622,0,0.0122549,0,,3.453519E-05,0,5.293159E-05,0,0.0001120976
22.77756,"2020-02-15 18:39:41",泰国,33,0,13,0,20,0.3939394,0,0.6060606,0,,0.01863354,,0.1023622,0,0.0122549,0,,3.453519E-05,0,5.293159E-05,0,0.0001120976
23.47989,"2020-02-16 11:31:02",泰国,34,0,14,0,20,0.4117647,0,0.5882353,0,,0.01919819,,0.1102362,0,0.0122549,0,,3.558171E-05,0,5.700326E-05,0,0.0001120976
23.55226,"2020-02-16 13:15:15",泰国,34,0,14,0,20,0.4117647,0,0.5882353,0,,0.01919819,,0.1102362,0,0.0122549,0,,3.558171E-05,0,5.700326E-05,0,0.0001120976
23.75625,"2020-02-16 18:09:00",泰国,34,0,14,0,20,0.4117647,0,0.5882353,0,,0.01919819,,0.1102362,0,0.0122549,0,,3.558171E-05,0,5.700326E-05,0,0.0001120976
23.97936,"2020-02-16 23:30:17",泰国,34,0,14,0,20,0.4117647,0,0.5882353,0,,0.01919819,,0.1102362,0,0.0122549,0,,3.558171E-05,0,5.700326E-05,0,0.0001120976
24.33359,"2020-02-17 08:00:22",泰国,34,0,14,0,20,0.4117647,0,0.5882353,0,,0.01919819,,0.1102362,0,0.0122549,0,,3.558171E-05,0,5.700326E-05,0,0.0001120976
24.35916,"2020-02-17 08:37:11",泰国,34,0,14,0,20,0.4117647,0,0.5882353,0,,0.01919819,,0.1102362,0,0.0122549,0,,3.558171E-05,0,5.700326E-05,0,0.0001120976
24.3769,"2020-02-17 09:02:44",泰国,34,0,14,0,20,0.4117647,0,0.5882353,0,,0.01919819,,0.1102362,0,0.0122549,0,,3.558171E-05,0,5.700326E-05,0,0.0001120976
24.51699,"2020-02-17 12:24:28",泰国,34,0,14,0,20,0.4117647,0,0.5882353,0,,0.01919819,,0.1102362,0,0.0122549,0,,3.558171E-05,0,5.700326E-05,0,0.0001120976
24.71194,"2020-02-17 17:05:12",泰国,34,0,14,0,20,0.4117647,0,0.5882353,0,,0.01919819,,0.1102362,0,0.0122549,0,,3.558171E-05,0,5.700326E-05,0,0.0001120976
24.98819,"2020-02-17 23:43:00",泰国,35,0,14,0,21,0.4,0,0.6,0,,0.01976285,,0.1102362,0,0.01286765,0,,3.662824E-05,0,5.700326E-05,0,0.0001177024
25.283,"2020-02-18 06:47:31",泰国,35,0,14,0,21,0.4,0,0.6,0,,0.01976285,,0.1102362,0,0.01286765,0,,3.662824E-05,0,5.700326E-05,0,0.0001177024
25.30081,"2020-02-18 07:13:10",泰国,35,0,14,0,21,0.4,0,0.6,0,,0.01976285,,0.1102362,0,0.01286765,0,,3.662824E-05,0,5.700326E-05,0,0.0001177024
25.32005,"2020-02-18 07:40:52",泰国,35,0,15,0,20,0.4285714,0,0.5714286,0,,0.01976285,,0.1181102,0,0.0122549,0,,3.662824E-05,0,6.107492E-05,0,0.0001120976
25.3236,"2020-02-18 07:45:59",泰国,35,0,15,0,20,0.4285714,0,0.5714286,0,,0.01976285,,0.1181102,0,0.0122549,0,,3.662824E-05,0,6.107492E-05,0,0.0001120976
25.34356,"2020-02-18 08:14:44",泰国,35,0,15,0,20,0.4285714,0,0.5714286,0,,0.01976285,,0.1181102,0,0.0122549,0,,3.662824E-05,0,6.107492E-05,0,0.0001120976
25.48915,"2020-02-18 11:44:23",泰国,35,0,15,0,20,0.4285714,0,0.5714286,0,,0.01976285,,0.1181102,0,0.0122549,0,,3.662824E-05,0,6.107492E-05,0,0.0001120976
25.53266,"2020-02-18 12:47:02",泰国,35,0,15,0,20,0.4285714,0,0.5714286,0,,0.01976285,,0.1181102,0,0.0122549,0,,3.662824E-05,0,6.107492E-05,0,0.0001120976
25.7597,"2020-02-18 18:13:58",泰国,35,0,15,0,20,0.4285714,0,0.5714286,0,,0.01976285,,0.1181102,0,0.0122549,0,,3.662824E-05,0,6.107492E-05,0,0.0001120976
26.30434,"2020-02-19 07:18:15",泰国,35,0,15,0,20,0.4285714,0,0.5714286,0,,0.01976285,,0.1181102,0,0.0122549,0,,3.662824E-05,0,6.107492E-05,0,0.0001120976
26.32721,"2020-02-19 07:51:11",泰国,35,0,15,0,20,0.4285714,0,0.5714286,0,,0.01976285,,0.1181102,0,0.0122549,0,,3.662824E-05,0,6.107492E-05,0,0.0001120976
26.5411,"2020-02-19 12:59:11",泰国,35,0,15,0,20,0.4285714,0,0.5714286,0,,0.01976285,,0.1181102,0,0.0122549,0,,3.662824E-05,0,6.107492E-05,0,0.0001120976
27.30359,"2020-02-20 07:17:10",泰国,35,0,15,0,20,0.4285714,0,0.5714286,0,,0.01976285,,0.1181102,0,0.0122549,0,,3.662824E-05,0,6.107492E-05,0,0.0001120976
27.30573,"2020-02-20 07:20:15",泰国,35,0,15,0,20,0.4285714,0,0.5714286,0,,0.01976285,,0.1181102,0,0.0122549,0,,3.662824E-05,0,6.107492E-05,0,0.0001120976
27.34803,"2020-02-20 08:21:10",泰国,35,0,15,0,20,0.4285714,0,0.5714286,0,,0.01976285,,0.1181102,0,0.0122549,0,,3.662824E-05,0,6.107492E-05,0,0.0001120976
28.49116,"2020-02-21 11:47:16",泰国,35,0,17,0,18,0.4857143,0,0.5142857,0,,0.01976285,,0.1338583,0,0.01102941,0,,3.662824E-05,0,6.921824E-05,0,0.0001008878
28.49331,"2020-02-21 11:50:22",泰国,35,0,17,0,18,0.4857143,0,0.5142857,0,,0.01976285,,0.1338583,0,0.01102941,0,,3.662824E-05,0,6.921824E-05,0,0.0001008878
28.52354,"2020-02-21 12:33:54",泰国,35,0,17,0,18,0.4857143,0,0.5142857,0,,0.01976285,,0.1338583,0,0.01102941,0,,3.662824E-05,0,6.921824E-05,0,0.0001008878
28.54227,"2020-02-21 13:00:52",泰国,35,0,17,0,18,0.4857143,0,0.5142857,0,,0.01976285,,0.1338583,0,0.01102941,0,,3.662824E-05,0,6.921824E-05,0,0.0001008878
28.75201,"2020-02-21 18:02:54",泰国,35,0,17,0,18,0.4857143,0,0.5142857,0,,0.01976285,,0.1338583,0,0.01102941,0,,3.662824E-05,0,6.921824E-05,0,0.0001008878
29.30025,"2020-02-22 07:12:22",泰国,35,0,17,0,18,0.4857143,0,0.5142857,0,,0.01976285,,0.1338583,0,0.01102941,0,,3.662824E-05,0,6.921824E-05,0,0.0001008878
29.33483,"2020-02-22 08:02:09",泰国,35,0,17,0,18,0.4857143,0,0.5142857,0,,0.01976285,,0.1338583,0,0.01102941,0,,3.662824E-05,0,6.921824E-05,0,0.0001008878
29.52377,"2020-02-22 12:34:14",泰国,35,0,17,0,18,0.4857143,0,0.5142857,0,,0.01976285,,0.1338583,0,0.01102941,0,,3.662824E-05,0,6.921824E-05,0,0.0001008878
30.30441,"2020-02-23 07:18:21",泰国,35,0,17,0,18,0.4857143,0,0.5142857,0,,0.01976285,,0.1338583,0,0.01102941,0,,3.662824E-05,0,6.921824E-05,0,0.0001008878
30.33111,"2020-02-23 07:56:48",泰国,35,0,17,0,18,0.4857143,0,0.5142857,0,,0.01976285,,0.1338583,0,0.01102941,0,,3.662824E-05,0,6.921824E-05,0,0.0001008878
30.95928,"2020-02-23 23:01:22",泰国,35,0,21,0,14,0.6,0,0.4,0,,0.01976285,,0.1653543,0,0.008578432,0,,3.662824E-05,0,8.550489E-05,0,7.84683E-05
30.96216,"2020-02-23 23:05:31",泰国,35,0,21,0,14,0.6,0,0.4,0,,0.01976285,,0.1653543,0,0.008578432,0,,3.662824E-05,0,8.550489E-05,0,7.84683E-05
31.29352,"2020-02-24 07:02:40",泰国,35,0,21,0,14,0.6,0,0.4,0,,0.01976285,,0.1653543,0,0.008578432,0,,3.662824E-05,0,8.550489E-05,0,7.84683E-05
31.30076,"2020-02-24 07:13:06",泰国,35,0,21,0,14,0.6,0,0.4,0,,0.01976285,,0.1653543,0,0.008578432,0,,3.662824E-05,0,8.550489E-05,0,7.84683E-05
31.45759,"2020-02-24 10:58:56",泰国,35,0,21,0,14,0.6,0,0.4,0,,0.01976285,,0.1653543,0,0.008578432,0,,3.662824E-05,0,8.550489E-05,0,7.84683E-05
31.528,"2020-02-24 12:40:19",泰国,35,0,21,0,14,0.6,0,0.4,0,,0.01976285,,0.1653543,0,0.008578432,0,,3.662824E-05,0,8.550489E-05,0,7.84683E-05
32.29757,"2020-02-25 07:08:30",泰国,35,0,21,0,14,0.6,0,0.4,0,,0.01976285,,0.1653543,0,0.008578432,0,,3.662824E-05,0,8.550489E-05,0,7.84683E-05
32.30556,"2020-02-25 07:20:00",泰国,35,0,21,0,14,0.6,0,0.4,0,,0.01976285,,0.1653543,0,0.008578432,0,,3.662824E-05,0,8.550489E-05,0,7.84683E-05
32.70324,"2020-02-25 16:52:40",泰国,37,0,22,0,15,0.5945946,0,0.4054054,0,,0.02089215,,0.1732284,0,0.009191177,0,,3.872128E-05,0,8.957655E-05,0,8.407318E-05
32.86134,"2020-02-25 20:40:20",泰国,37,0,22,0,15,0.5945946,0,0.4054054,0,,0.02089215,,0.1732284,0,0.009191177,0,,3.872128E-05,0,8.957655E-05,0,8.407318E-05
33.2989,"2020-02-26 07:10:25",泰国,37,0,22,0,15,0.5945946,0,0.4054054,0,,0.02089215,,0.1732284,0,0.009191177,0,,3.872128E-05,0,8.957655E-05,0,8.407318E-05
33.30326,"2020-02-26 07:16:42",泰国,37,0,22,0,15,0.5945946,0,0.4054054,0,,0.02089215,,0.1732284,0,0.009191177,0,,3.872128E-05,0,8.957655E-05,0,8.407318E-05
33.49454,"2020-02-26 11:52:08",泰国,37,0,22,0,15,0.5945946,0,0.4054054,0,,0.02089215,,0.1732284,0,0.009191177,0,,3.872128E-05,0,8.957655E-05,0,8.407318E-05
33.53256,"2020-02-26 12:46:53",泰国,37,0,22,0,15,0.5945946,0,0.4054054,0,,0.02089215,,0.1732284,0,0.009191177,0,,3.872128E-05,0,8.957655E-05,0,8.407318E-05
33.63491,"2020-02-26 15:14:16",泰国,40,0,22,0,18,0.55,0,0.45,0,,0.02258611,,0.1732284,0,0.01102941,0,,4.186084E-05,0,8.957655E-05,0,0.0001008878
33.75912,"2020-02-26 18:13:08",泰国,40,0,22,0,18,0.55,0,0.45,0,,0.02258611,,0.1732284,0,0.01102941,0,,4.186084E-05,0,8.957655E-05,0,0.0001008878
34.29319,"2020-02-27 07:02:12",泰国,40,0,22,0,18,0.55,0,0.45,0,,0.02258611,,0.1732284,0,0.01102941,0,,4.186084E-05,0,8.957655E-05,0,0.0001008878
34.33561,"2020-02-27 08:03:17",泰国,40,0,22,0,18,0.55,0,0.45,0,,0.02258611,,0.1732284,0,0.01102941,0,,4.186084E-05,0,8.957655E-05,0,0.0001008878
34.56128,"2020-02-27 13:28:15",泰国,40,0,22,0,18,0.55,0,0.45,0,,0.02258611,,0.1732284,0,0.01102941,0,,4.186084E-05,0,8.957655E-05,0,0.0001008878
35.29784,"2020-02-28 07:08:53",泰国,40,0,22,0,18,0.55,0,0.45,0,,0.02258611,,0.1732284,0,0.01102941,0,,4.186084E-05,0,8.957655E-05,0,0.0001008878
35.31768,"2020-02-28 07:37:28",泰国,40,0,22,0,18,0.55,0,0.45,0,,0.02258611,,0.1732284,0,0.01102941,0,,4.186084E-05,0,8.957655E-05,0,0.0001008878
35.65897,"2020-02-28 15:48:55",泰国,41,0,28,0,13,0.6829268,0,0.3170732,0,,0.02315076,,0.2204724,0,0.007965687,0,,4.290736E-05,0,0.0001140065,0,7.286342E-05
36.54778,"2020-02-29 13:08:48",泰国,41,0,28,0,13,0.6829268,0,0.3170732,0,,0.02315076,,0.2204724,0,0.007965687,0,,4.290736E-05,0,0.0001140065,0,7.286342E-05
36.7778,"2020-02-29 18:40:02",泰国,41,0,28,0,13,0.6829268,0,0.3170732,0,,0.02315076,,0.2204724,0,0.007965687,0,,4.290736E-05,0,0.0001140065,0,7.286342E-05
36.85302,"2020-02-29 20:28:21",泰国,42,0,28,0,14,0.6666667,0,0.3333333,0,,0.02371541,,0.2204724,0,0.008578432,0,,4.395388E-05,0,0.0001140065,0,7.84683E-05
37.30072,"2020-03-01 07:13:02",泰国,42,0,28,0,14,0.6666667,0,0.3333333,0,,0.02371541,,0.2204724,0,0.008578432,0,,4.395388E-05,0,0.0001140065,0,7.84683E-05
37.30143,"2020-03-01 07:14:04",泰国,42,0,28,0,14,0.6666667,0,0.3333333,0,,0.02371541,,0.2204724,0,0.008578432,0,,4.395388E-05,0,0.0001140065,0,7.84683E-05
37.46125,"2020-03-01 11:04:12",泰国,42,0,28,0,14,0.6666667,0,0.3333333,0,,0.02371541,,0.2204724,0,0.008578432,0,,4.395388E-05,0,0.0001140065,0,7.84683E-05
37.62729,"2020-03-01 15:03:18",泰国,42,0,28,1,13,0.6666667,0.02380952,0.3095238,0.03571429,28,0.02371541,,0.2204724,0.08333334,0.007965687,0.3779762,0.4205232,4.395388E-05,0,0.0001140065,2.123593E-05,7.286342E-05
37.75419,"2020-03-01 18:06:02",泰国,42,0,28,1,13,0.6666667,0.02380952,0.3095238,0.03571429,28,0.02371541,,0.2204724,0.08333334,0.007965687,0.3779762,0.4205232,4.395388E-05,0,0.0001140065,2.123593E-05,7.286342E-05
38.29661,"2020-03-02 07:07:07",泰国,42,0,28,1,13,0.6666667,0.02380952,0.3095238,0.03571429,28,0.02371541,,0.2204724,0.08333334,0.007965687,0.3779762,0.4205232,4.395388E-05,0,0.0001140065,2.123593E-05,7.286342E-05
38.33623,"2020-03-02 08:04:10",泰国,42,0,28,1,13,0.6666667,0.02380952,0.3095238,0.03571429,28,0.02371541,,0.2204724,0.08333334,0.007965687,0.3779762,0.4205232,4.395388E-05,0,0.0001140065,2.123593E-05,7.286342E-05
38.57015,"2020-03-02 13:41:01",泰国,42,0,28,1,13,0.6666667,0.02380952,0.3095238,0.03571429,28,0.02371541,,0.2204724,0.08333334,0.007965687,0.3779762,0.4205232,4.395388E-05,0,0.0001140065,2.123593E-05,7.286342E-05
38.60001,"2020-03-02 14:24:01",泰国,43,0,31,1,11,0.7209302,0.02325581,0.255814,0.03225806,31,0.02428007,,0.2440945,0.08333334,0.006740196,0.3413979,0.4929578,4.50004E-05,0,0.0001262215,2.123593E-05,6.165366E-05
38.81404,"2020-03-02 19:32:13",泰国,43,0,31,1,11,0.7209302,0.02325581,0.255814,0.03225806,31,0.02428007,,0.2440945,0.08333334,0.006740196,0.3413979,0.4929578,4.50004E-05,0,0.0001262215,2.123593E-05,6.165366E-05
39.31321,"2020-03-03 07:31:01",泰国,43,0,31,1,11,0.7209302,0.02325581,0.255814,0.03225806,31,0.02428007,,0.2440945,0.08333334,0.006740196,0.3413979,0.4929578,4.50004E-05,0,0.0001262215,2.123593E-05,6.165366E-05
39.33057,"2020-03-03 07:56:01",泰国,43,0,31,1,11,0.7209302,0.02325581,0.255814,0.03225806,31,0.02428007,,0.2440945,0.08333334,0.006740196,0.3413979,0.4929578,4.50004E-05,0,0.0001262215,2.123593E-05,6.165366E-05
39.33206,"2020-03-03 07:58:10",泰国,43,0,31,1,11,0.7209302,0.02325581,0.255814,0.03225806,31,0.02428007,,0.2440945,0.08333334,0.006740196,0.3413979,0.4929578,4.50004E-05,0,0.0001262215,2.123593E-05,6.165366E-05
39.38281,"2020-03-03 09:11:15",泰国,43,0,31,1,11,0.7209302,0.02325581,0.255814,0.03225806,31,0.02428007,,0.2440945,0.08333334,0.006740196,0.3413979,0.4929578,4.50004E-05,0,0.0001262215,2.123593E-05,6.165366E-05
40.30001,"2020-03-04 07:12:01",泰国,43,0,31,1,11,0.7209302,0.02325581,0.255814,0.03225806,31,0.02428007,,0.2440945,0.08333334,0.006740196,0.3413979,0.4929578,4.50004E-05,0,0.0001262215,2.123593E-05,6.165366E-05
40.30981,"2020-03-04 07:26:08",泰国,43,0,31,1,11,0.7209302,0.02325581,0.255814,0.03225806,31,0.02428007,,0.2440945,0.08333334,0.006740196,0.3413979,0.4929578,4.50004E-05,0,0.0001262215,2.123593E-05,6.165366E-05
41.30141,"2020-03-05 07:14:02",泰国,43,0,31,1,11,0.7209302,0.02325581,0.255814,0.03225806,31,0.02428007,,0.2440945,0.08333334,0.006740196,0.3413979,0.4929578,4.50004E-05,0,0.0001262215,2.123593E-05,6.165366E-05
41.4014,"2020-03-05 09:38:01",泰国,43,0,31,1,11,0.7209302,0.02325581,0.255814,0.03225806,31,0.02428007,,0.2440945,0.08333334,0.006740196,0.3413979,0.4929578,4.50004E-05,0,0.0001262215,2.123593E-05,6.165366E-05
41.44386,"2020-03-05 10:39:09",泰国,43,0,31,1,11,0.7209302,0.02325581,0.255814,0.03225806,31,0.02428007,,0.2440945,0.08333334,0.006740196,0.3413979,0.4929578,4.50004E-05,0,0.0001262215,2.123593E-05,6.165366E-05
41.60835,"2020-03-05 14:36:01",泰国,47,0,31,1,15,0.6595744,0.0212766,0.3191489,0.03225806,31,0.02653868,,0.2440945,0.08333334,0.009191177,0.3413979,0.4929578,4.918649E-05,0,0.0001262215,2.123593E-05,8.407318E-05
41.6897,"2020-03-05 16:33:10",泰国,47,0,31,1,15,0.6595744,0.0212766,0.3191489,0.03225806,31,0.02653868,,0.2440945,0.08333334,0.009191177,0.3413979,0.4929578,4.918649E-05,0,0.0001262215,2.123593E-05,8.407318E-05
41.9521,"2020-03-05 22:51:01",泰国,47,0,31,1,15,0.6595744,0.0212766,0.3191489,0.03225806,31,0.02653868,,0.2440945,0.08333334,0.009191177,0.3413979,0.4929578,4.918649E-05,0,0.0001262215,2.123593E-05,8.407318E-05
42.32641,"2020-03-06 07:50:02",泰国,47,0,31,1,15,0.6595744,0.0212766,0.3191489,0.03225806,31,0.02653868,,0.2440945,0.08333334,0.009191177,0.3413979,0.4929578,4.918649E-05,0,0.0001262215,2.123593E-05,8.407318E-05
42.69516,"2020-03-06 16:41:02",泰国,48,0,31,1,16,0.6458333,0.02083333,0.3333333,0.03225806,31,0.02710333,,0.2440945,0.08333334,0.009803922,0.3413979,0.4929578,5.023301E-05,0,0.0001262215,2.123593E-05,8.967805E-05
42.79169,"2020-03-06 19:00:02",泰国,48,0,31,1,16,0.6458333,0.02083333,0.3333333,0.03225806,31,0.02710333,,0.2440945,0.08333334,0.009803922,0.3413979,0.4929578,5.023301E-05,0,0.0001262215,2.123593E-05,8.967805E-05
43.29515,"2020-03-07 07:05:01",泰国,48,0,31,1,16,0.6458333,0.02083333,0.3333333,0.03225806,31,0.02710333,,0.2440945,0.08333334,0.009803922,0.3413979,0.4929578,5.023301E-05,0,0.0001262215,2.123593E-05,8.967805E-05
43.3021,"2020-03-07 07:15:02",泰国,48,0,31,1,16,0.6458333,0.02083333,0.3333333,0.03225806,31,0.02710333,,0.2440945,0.08333334,0.009803922,0.3413979,0.4929578,5.023301E-05,0,0.0001262215,2.123593E-05,8.967805E-05
43.73057,"2020-03-07 17:32:01",泰国,48,0,31,1,16,0.6458333,0.02083333,0.3333333,0.03225806,31,0.02710333,,0.2440945,0.08333334,0.009803922,0.3413979,0.4929578,5.023301E-05,0,0.0001262215,2.123593E-05,8.967805E-05
43.75904,"2020-03-07 18:13:01",泰国,50,0,31,1,18,0.62,0.02,0.36,0.03225806,31,0.02823264,,0.2440945,0.08333334,0.01102941,0.3413979,0.4929578,5.232605E-05,0,0.0001262215,2.123593E-05,0.0001008878
43.7903,"2020-03-07 18:58:02",泰国,50,0,31,1,18,0.62,0.02,0.36,0.03225806,31,0.02823264,,0.2440945,0.08333334,0.01102941,0.3413979,0.4929578,5.232605E-05,0,0.0001262215,2.123593E-05,0.0001008878
44.30164,"2020-03-08 07:14:22",泰国,50,0,31,1,18,0.62,0.02,0.36,0.03225806,31,0.02823264,,0.2440945,0.08333334,0.01102941,0.3413979,0.4929578,5.232605E-05,0,0.0001262215,2.123593E-05,0.0001008878
44.51808,"2020-03-08 12:26:02",泰国,50,0,31,1,18,0.62,0.02,0.36,0.03225806,31,0.02823264,,0.2440945,0.08333334,0.01102941,0.3413979,0.4929578,5.232605E-05,0,0.0001262215,2.123593E-05,0.0001008878
45.50695,"2020-03-09 12:10:01",泰国,50,0,31,1,18,0.62,0.02,0.36,0.03225806,31,0.02823264,,0.2440945,0.08333334,0.01102941,0.3413979,0.4929578,5.232605E-05,0,0.0001262215,2.123593E-05,0.0001008878
45.5391,"2020-03-09 12:56:18",泰国,50,0,31,1,18,0.62,0.02,0.36,0.03225806,31,0.02823264,,0.2440945,0.08333334,0.01102941,0.3413979,0.4929578,5.232605E-05,0,0.0001262215,2.123593E-05,0.0001008878
46.29957,"2020-03-10 07:11:23",泰国,50,0,31,1,18,0.62,0.02,0.36,0.03225806,31,0.02823264,,0.2440945,0.08333334,0.01102941,0.3413979,0.4929578,5.232605E-05,0,0.0001262215,2.123593E-05,0.0001008878
46.52793,"2020-03-10 12:40:13",泰国,50,0,31,1,18,0.62,0.02,0.36,0.03225806,31,0.02823264,,0.2440945,0.08333334,0.01102941,0.3413979,0.4929578,5.232605E-05,0,0.0001262215,2.123593E-05,0.0001008878
46.81252,"2020-03-10 19:30:02",泰国,50,0,31,1,18,0.62,0.02,0.36,0.03225806,31,0.02823264,,0.2440945,0.08333334,0.01102941,0.3413979,0.4929578,5.232605E-05,0,0.0001262215,2.123593E-05,0.0001008878
46.8591,"2020-03-10 20:37:06",泰国,53,0,31,1,21,0.5849057,0.01886792,0.3962264,0.03225806,31,0.02992659,,0.2440945,0.08333334,0.01286765,0.3413979,0.4929578,5.546561E-05,0,0.0001262215,2.123593E-05,0.0001177024
47.30168,"2020-03-11 07:14:25",泰国,53,0,31,1,21,0.5849057,0.01886792,0.3962264,0.03225806,31,0.02992659,,0.2440945,0.08333334,0.01286765,0.3413979,0.4929578,5.546561E-05,0,0.0001262215,2.123593E-05,0.0001177024
47.34124,"2020-03-11 08:11:23",泰国,53,0,31,1,21,0.5849057,0.01886792,0.3962264,0.03225806,31,0.02992659,,0.2440945,0.08333334,0.01286765,0.3413979,0.4929578,5.546561E-05,0,0.0001262215,2.123593E-05,0.0001177024
47.46568,"2020-03-11 11:10:35",泰国,53,0,31,1,21,0.5849057,0.01886792,0.3962264,0.03225806,31,0.02992659,,0.2440945,0.08333334,0.01286765,0.3413979,0.4929578,5.546561E-05,0,0.0001262215,2.123593E-05,0.0001177024
47.58109,"2020-03-11 13:56:46",泰国,53,0,31,1,21,0.5849057,0.01886792,0.3962264,0.03225806,31,0.02992659,,0.2440945,0.08333334,0.01286765,0.3413979,0.4929578,5.546561E-05,0,0.0001262215,2.123593E-05,0.0001177024
47.59846,"2020-03-11 14:21:47",泰国,59,0,34,1,24,0.5762712,0.01694915,0.4067796,0.02941176,34,0.03331451,,0.2677165,0.08333334,0.01470588,0.3112745,0.5653924,6.174474E-05,0,0.0001384365,2.123593E-05,0.0001345171
47.78461,"2020-03-11 18:49:50",泰国,59,0,34,1,24,0.5762712,0.01694915,0.4067796,0.02941176,34,0.03331451,,0.2677165,0.08333334,0.01470588,0.3112745,0.5653924,6.174474E-05,0,0.0001384365,2.123593E-05,0.0001345171
48.29858,"2020-03-12 07:09:57",泰国,59,0,34,1,24,0.5762712,0.01694915,0.4067796,0.02941176,34,0.03331451,,0.2677165,0.08333334,0.01470588,0.3112745,0.5653924,6.174474E-05,0,0.0001384365,2.123593E-05,0.0001345171
48.37946,"2020-03-12 09:06:25",泰国,59,0,34,1,24,0.5762712,0.01694915,0.4067796,0.02941176,34,0.03331451,,0.2677165,0.08333334,0.01470588,0.3112745,0.5653924,6.174474E-05,0,0.0001384365,2.123593E-05,0.0001345171
48.54516,"2020-03-12 13:05:02",泰国,70,0,34,1,35,0.4857143,0.01428571,0.5,0.02941176,34,0.03952569,,0.2677165,0.08333334,0.02144608,0.3112745,0.5653924,7.325647E-05,0,0.0001384365,2.123593E-05,0.0001961707
48.79359,"2020-03-12 19:02:46",泰国,70,0,34,1,35,0.4857143,0.01428571,0.5,0.02941176,34,0.03952569,,0.2677165,0.08333334,0.02144608,0.3112745,0.5653924,7.325647E-05,0,0.0001384365,2.123593E-05,0.0001961707
49.30255,"2020-03-13 07:15:40",泰国,70,0,34,1,35,0.4857143,0.01428571,0.5,0.02941176,34,0.03952569,,0.2677165,0.08333334,0.02144608,0.3112745,0.5653924,7.325647E-05,0,0.0001384365,2.123593E-05,0.0001961707
49.64196,"2020-03-13 15:24:25",泰国,70,0,34,1,35,0.4857143,0.01428571,0.5,0.02941176,34,0.03952569,,0.2677165,0.08333334,0.02144608,0.3112745,0.5653924,7.325647E-05,0,0.0001384365,2.123593E-05,0.0001961707
49.66941,"2020-03-13 16:03:57",泰国,75,0,34,1,40,0.4533333,0.01333333,0.5333334,0.02941176,34,0.04234895,,0.2677165,0.08333334,0.0245098,0.3112745,0.5653924,7.848907E-05,0,0.0001384365,2.123593E-05,0.0002241951
49.70602,"2020-03-13 16:56:40",泰国,75,0,34,1,40,0.4533333,0.01333333,0.5333334,0.02941176,34,0.04234895,,0.2677165,0.08333334,0.0245098,0.3112745,0.5653924,7.848907E-05,0,0.0001384365,2.123593E-05,0.0002241951
49.76485,"2020-03-13 18:21:23",泰国,75,0,34,1,40,0.4533333,0.01333333,0.5333334,0.02941176,34,0.04234895,,0.2677165,0.08333334,0.0245098,0.3112745,0.5653924,7.848907E-05,0,0.0001384365,2.123593E-05,0.0002241951
50.29789,"2020-03-14 07:08:58",泰国,75,0,34,1,40,0.4533333,0.01333333,0.5333334,0.02941176,34,0.04234895,,0.2677165,0.08333334,0.0245098,0.3112745,0.5653924,7.848907E-05,0,0.0001384365,2.123593E-05,0.0002241951
50.50932,"2020-03-14 12:13:25",泰国,75,0,34,1,40,0.4533333,0.01333333,0.5333334,0.02941176,34,0.04234895,,0.2677165,0.08333334,0.0245098,0.3112745,0.5653924,7.848907E-05,0,0.0001384365,2.123593E-05,0.0002241951
50.74319,"2020-03-14 17:50:12",泰国,82,0,34,1,47,0.4146341,0.01219512,0.5731707,0.02941176,34,0.04630153,,0.2677165,0.08333334,0.02879902,0.3112745,0.5653924,8.581473E-05,0,0.0001384365,2.123593E-05,0.0002634293
50.80897,"2020-03-14 19:24:55",泰国,82,0,34,1,47,0.4146341,0.01219512,0.5731707,0.02941176,34,0.04630153,,0.2677165,0.08333334,0.02879902,0.3112745,0.5653924,8.581473E-05,0,0.0001384365,2.123593E-05,0.0002634293
50.86271,"2020-03-14 20:42:18",泰国,82,0,34,1,47,0.4146341,0.01219512,0.5731707,0.02941176,34,0.04630153,,0.2677165,0.08333334,0.02879902,0.3112745,0.5653924,8.581473E-05,0,0.0001384365,2.123593E-05,0.0002634293
51.3074,"2020-03-15 07:22:39",泰国,82,0,34,1,47,0.4146341,0.01219512,0.5731707,0.02941176,34,0.04630153,,0.2677165,0.08333334,0.02879902,0.3112745,0.5653924,8.581473E-05,0,0.0001384365,2.123593E-05,0.0002634293
51.50563,"2020-03-15 12:08:06",泰国,82,0,34,1,47,0.4146341,0.01219512,0.5731707,0.02941176,34,0.04630153,,0.2677165,0.08333334,0.02879902,0.3112745,0.5653924,8.581473E-05,0,0.0001384365,2.123593E-05,0.0002634293
51.61229,"2020-03-15 14:41:42",泰国,82,0,34,1,47,0.4146341,0.01219512,0.5731707,0.02941176,34,0.04630153,,0.2677165,0.08333334,0.02879902,0.3112745,0.5653924,8.581473E-05,0,0.0001384365,2.123593E-05,0.0002634293
51.61459,"2020-03-15 14:45:01",泰国,82,0,34,1,47,0.4146341,0.01219512,0.5731707,0.02941176,34,0.04630153,,0.2677165,0.08333334,0.02879902,0.3112745,0.5653924,8.581473E-05,0,0.0001384365,2.123593E-05,0.0002634293
51.66488,"2020-03-15 15:57:26",泰国,114,0,35,1,78,0.3070175,0.00877193,0.6842105,0.02857143,35,0.06437041,,0.2755905,0.08333334,0.04779412,0.3023809,0.5895373,0.0001193034,0,0.0001425081,2.123593E-05,0.0004371805
51.80852,"2020-03-15 19:24:16",泰国,114,0,35,1,78,0.3070175,0.00877193,0.6842105,0.02857143,35,0.06437041,,0.2755905,0.08333334,0.04779412,0.3023809,0.5895373,0.0001193034,0,0.0001425081,2.123593E-05,0.0004371805
52.05155,"2020-03-16 01:14:14",泰国,114,0,35,1,78,0.3070175,0.00877193,0.6842105,0.02857143,35,0.06437041,,0.2755905,0.08333334,0.04779412,0.3023809,0.5895373,0.0001193034,0,0.0001425081,2.123593E-05,0.0004371805
52.32323,"2020-03-16 07:45:27",泰国,114,0,35,1,78,0.3070175,0.00877193,0.6842105,0.02857143,35,0.06437041,,0.2755905,0.08333334,0.04779412,0.3023809,0.5895373,0.0001193034,0,0.0001425081,2.123593E-05,0.0004371805
52.56194,"2020-03-16 13:29:12",泰国,114,0,35,1,78,0.3070175,0.00877193,0.6842105,0.02857143,35,0.06437041,,0.2755905,0.08333334,0.04779412,0.3023809,0.5895373,0.0001193034,0,0.0001425081,2.123593E-05,0.0004371805
52.60354,"2020-03-16 14:29:06",泰国,114,0,35,1,78,0.3070175,0.00877193,0.6842105,0.02857143,35,0.06437041,,0.2755905,0.08333334,0.04779412,0.3023809,0.5895373,0.0001193034,0,0.0001425081,2.123593E-05,0.0004371805
52.62066,"2020-03-16 14:53:45",泰国,114,0,35,1,78,0.3070175,0.00877193,0.6842105,0.02857143,35,0.06437041,,0.2755905,0.08333334,0.04779412,0.3023809,0.5895373,0.0001193034,0,0.0001425081,2.123593E-05,0.0004371805
53.02423,"2020-03-17 00:34:54",泰国,147,0,35,1,111,0.2380952,0.006802721,0.755102,0.02857143,35,0.08300395,,0.2755905,0.08333334,0.0680147,0.3023809,0.5895373,0.0001538386,0,0.0001425081,2.123593E-05,0.0006221415
53.15181,"2020-03-17 03:38:36",泰国,147,0,35,1,111,0.2380952,0.006802721,0.755102,0.02857143,35,0.08300395,,0.2755905,0.08333334,0.0680147,0.3023809,0.5895373,0.0001538386,0,0.0001425081,2.123593E-05,0.0006221415
53.31757,"2020-03-17 07:37:18",泰国,147,0,35,1,111,0.2380952,0.006802721,0.755102,0.02857143,35,0.08300395,,0.2755905,0.08333334,0.0680147,0.3023809,0.5895373,0.0001538386,0,0.0001425081,2.123593E-05,0.0006221415
53.32051,"2020-03-17 07:41:32",泰国,147,0,35,1,111,0.2380952,0.006802721,0.755102,0.02857143,35,0.08300395,,0.2755905,0.08333334,0.0680147,0.3023809,0.5895373,0.0001538386,0,0.0001425081,2.123593E-05,0.0006221415
53.34257,"2020-03-17 08:13:18",泰国,147,0,35,1,111,0.2380952,0.006802721,0.755102,0.02857143,35,0.08300395,,0.2755905,0.08333334,0.0680147,0.3023809,0.5895373,0.0001538386,0,0.0001425081,2.123593E-05,0.0006221415
53.35588,"2020-03-17 08:32:28",泰国,147,0,35,1,111,0.2380952,0.006802721,0.755102,0.02857143,35,0.08300395,,0.2755905,0.08333334,0.0680147,0.3023809,0.5895373,0.0001538386,0,0.0001425081,2.123593E-05,0.0006221415
53.58229,"2020-03-17 13:58:30",泰国,147,0,35,1,111,0.2380952,0.006802721,0.755102,0.02857143,35,0.08300395,,0.2755905,0.08333334,0.0680147,0.3023809,0.5895373,0.0001538386,0,0.0001425081,2.123593E-05,0.0006221415
53.62239,"2020-03-17 14:56:15",泰国,147,0,35,1,111,0.2380952,0.006802721,0.755102,0.02857143,35,0.08300395,,0.2755905,0.08333334,0.0680147,0.3023809,0.5895373,0.0001538386,0,0.0001425081,2.123593E-05,0.0006221415
53.68683,"2020-03-17 16:29:02",泰国,177,0,41,1,135,0.2316384,0.005649718,0.7627119,0.02439024,41,0.09994353,,0.3228346,0.08333334,0.08272059,0.2581301,0.7344065,0.0001852342,0,0.0001669381,2.123593E-05,0.0007566586
53.72573,"2020-03-17 17:25:03",泰国,177,0,41,1,135,0.2316384,0.005649718,0.7627119,0.02439024,41,0.09994353,,0.3228346,0.08333334,0.08272059,0.2581301,0.7344065,0.0001852342,0,0.0001669381,2.123593E-05,0.0007566586
53.75712,"2020-03-17 18:10:15",泰国,177,0,41,1,135,0.2316384,0.005649718,0.7627119,0.02439024,41,0.09994353,,0.3228346,0.08333334,0.08272059,0.2581301,0.7344065,0.0001852342,0,0.0001669381,2.123593E-05,0.0007566586
53.75938,"2020-03-17 18:13:30",泰国,177,0,41,1,135,0.2316384,0.005649718,0.7627119,0.02439024,41,0.09994353,,0.3228346,0.08333334,0.08272059,0.2581301,0.7344065,0.0001852342,0,0.0001669381,2.123593E-05,0.0007566586
53.90041,"2020-03-17 21:36:35",泰国,177,0,41,1,135,0.2316384,0.005649718,0.7627119,0.02439024,41,0.09994353,,0.3228346,0.08333334,0.08272059,0.2581301,0.7344065,0.0001852342,0,0.0001669381,2.123593E-05,0.0007566586
54.00406,"2020-03-18 00:05:51",泰国,177,0,41,1,135,0.2316384,0.005649718,0.7627119,0.02439024,41,0.09994353,,0.3228346,0.08333334,0.08272059,0.2581301,0.7344065,0.0001852342,0,0.0001669381,2.123593E-05,0.0007566586
54.17948,"2020-03-18 04:18:27",泰国,177,0,41,1,135,0.2316384,0.005649718,0.7627119,0.02439024,41,0.09994353,,0.3228346,0.08333334,0.08272059,0.2581301,0.7344065,0.0001852342,0,0.0001669381,2.123593E-05,0.0007566586
54.35096,"2020-03-18 08:25:23",泰国,177,0,41,1,135,0.2316384,0.005649718,0.7627119,0.02439024,41,0.09994353,,0.3228346,0.08333334,0.08272059,0.2581301,0.7344065,0.0001852342,0,0.0001669381,2.123593E-05,0.0007566586
54.40119,"2020-03-18 09:37:43",泰国,177,0,41,1,135,0.2316384,0.005649718,0.7627119,0.02439024,41,0.09994353,,0.3228346,0.08333334,0.08272059,0.2581301,0.7344065,0.0001852342,0,0.0001669381,2.123593E-05,0.0007566586
54.44709,"2020-03-18 10:43:49",泰国,177,0,41,1,135,0.2316384,0.005649718,0.7627119,0.02439024,41,0.09994353,,0.3228346,0.08333334,0.08272059,0.2581301,0.7344065,0.0001852342,0,0.0001669381,2.123593E-05,0.0007566586
54.49352,"2020-03-18 11:50:40",泰国,177,0,41,1,135,0.2316384,0.005649718,0.7627119,0.02439024,41,0.09994353,,0.3228346,0.08333334,0.08272059,0.2581301,0.7344065,0.0001852342,0,0.0001669381,2.123593E-05,0.0007566586
54.50781,"2020-03-18 12:11:15",泰国,177,0,41,1,135,0.2316384,0.005649718,0.7627119,0.02439024,41,0.09994353,,0.3228346,0.08333334,0.08272059,0.2581301,0.7344065,0.0001852342,0,0.0001669381,2.123593E-05,0.0007566586
54.54538,"2020-03-18 13:05:21",泰国,212,0,41,1,170,0.1933962,0.004716981,0.8018868,0.02439024,41,0.1197064,,0.3228346,0.08333334,0.1041667,0.2581301,0.7344065,0.0002218625,0,0.0001669381,2.123593E-05,0.0009528293
54.54615,"2020-03-18 13:06:27",泰国,212,0,41,1,170,0.1933962,0.004716981,0.8018868,0.02439024,41,0.1197064,,0.3228346,0.08333334,0.1041667,0.2581301,0.7344065,0.0002218625,0,0.0001669381,2.123593E-05,0.0009528293
54.60432,"2020-03-18 14:30:13",泰国,212,0,41,1,170,0.1933962,0.004716981,0.8018868,0.02439024,41,0.1197064,,0.3228346,0.08333334,0.1041667,0.2581301,0.7344065,0.0002218625,0,0.0001669381,2.123593E-05,0.0009528293
54.92783,"2020-03-18 22:16:04",泰国,212,0,41,1,170,0.1933962,0.004716981,0.8018868,0.02439024,41,0.1197064,,0.3228346,0.08333334,0.1041667,0.2581301,0.7344065,0.0002218625,0,0.0001669381,2.123593E-05,0.0009528293
54.92879,"2020-03-18 22:17:28",泰国,212,0,41,1,170,0.1933962,0.004716981,0.8018868,0.02439024,41,0.1197064,,0.3228346,0.08333334,0.1041667,0.2581301,0.7344065,0.0002218625,0,0.0001669381,2.123593E-05,0.0009528293
55.00028,"2020-03-19 00:00:24",泰国,212,0,41,1,170,0.1933962,0.004716981,0.8018868,0.02439024,41,0.1197064,,0.3228346,0.08333334,0.1041667,0.2581301,0.7344065,0.0002218625,0,0.0001669381,2.123593E-05,0.0009528293
55.03998,"2020-03-19 00:57:34",泰国,212,0,41,1,170,0.1933962,0.004716981,0.8018868,0.02439024,41,0.1197064,,0.3228346,0.08333334,0.1041667,0.2581301,0.7344065,0.0002218625,0,0.0001669381,2.123593E-05,0.0009528293
55.17102,"2020-03-19 04:06:16",泰国,212,0,41,1,170,0.1933962,0.004716981,0.8018868,0.02439024,41,0.1197064,,0.3228346,0.08333334,0.1041667,0.2581301,0.7344065,0.0002218625,0,0.0001669381,2.123593E-05,0.0009528293
55.54133,"2020-03-19 12:59:31",泰国,212,0,41,1,170,0.1933962,0.004716981,0.8018868,0.02439024,41,0.1197064,,0.3228346,0.08333334,0.1041667,0.2581301,0.7344065,0.0002218625,0,0.0001669381,2.123593E-05,0.0009528293
55.89919,"2020-03-19 21:34:50",泰国,272,0,42,1,229,0.1544118,0.003676471,0.8419118,0.02380952,42,0.1535855,,0.3307087,0.08333334,0.1403186,0.2519841,0.7585513,0.0002846537,0,0.0001710098,2.123593E-05,0.001283517
55.90145,"2020-03-19 21:38:05",泰国,272,0,42,1,229,0.1544118,0.003676471,0.8419118,0.02380952,42,0.1535855,,0.3307087,0.08333334,0.1403186,0.2519841,0.7585513,0.0002846537,0,0.0001710098,2.123593E-05,0.001283517
55.9315,"2020-03-19 22:21:22",泰国,272,0,42,1,229,0.1544118,0.003676471,0.8419118,0.02380952,42,0.1535855,,0.3307087,0.08333334,0.1403186,0.2519841,0.7585513,0.0002846537,0,0.0001710098,2.123593E-05,0.001283517
55.95621,"2020-03-19 22:56:57",泰国,272,0,42,1,229,0.1544118,0.003676471,0.8419118,0.02380952,42,0.1535855,,0.3307087,0.08333334,0.1403186,0.2519841,0.7585513,0.0002846537,0,0.0001710098,2.123593E-05,0.001283517
55.95715,"2020-03-19 22:58:18",泰国,272,0,42,1,229,0.1544118,0.003676471,0.8419118,0.02380952,42,0.1535855,,0.3307087,0.08333334,0.1403186,0.2519841,0.7585513,0.0002846537,0,0.0001710098,2.123593E-05,0.001283517
56.00724,"2020-03-20 00:10:26",泰国,272,0,42,1,229,0.1544118,0.003676471,0.8419118,0.02380952,42,0.1535855,,0.3307087,0.08333334,0.1403186,0.2519841,0.7585513,0.0002846537,0,0.0001710098,2.123593E-05,0.001283517
56.52344,"2020-03-20 12:33:45",泰国,272,0,42,1,229,0.1544118,0.003676471,0.8419118,0.02380952,42,0.1535855,,0.3307087,0.08333334,0.1403186,0.2519841,0.7585513,0.0002846537,0,0.0001710098,2.123593E-05,0.001283517
56.53911,"2020-03-20 12:56:19",泰国,322,0,43,1,278,0.1335404,0.00310559,0.863354,0.02325581,43,0.1818182,,0.3385827,0.08333334,0.1703431,0.246124,0.7826962,0.0003369797,0,0.0001750814,2.123593E-05,0.001558156
56.55494,"2020-03-20 13:19:07",泰国,322,0,43,1,278,0.1335404,0.00310559,0.863354,0.02325581,43,0.1818182,,0.3385827,0.08333334,0.1703431,0.246124,0.7826962,0.0003369797,0,0.0001750814,2.123593E-05,0.001558156
56.56397,"2020-03-20 13:32:07",泰国,322,0,43,1,278,0.1335404,0.00310559,0.863354,0.02325581,43,0.1818182,,0.3385827,0.08333334,0.1703431,0.246124,0.7826962,0.0003369797,0,0.0001750814,2.123593E-05,0.001558156
56.97859,"2020-03-20 23:29:10",泰国,322,0,43,1,278,0.1335404,0.00310559,0.863354,0.02325581,43,0.1818182,,0.3385827,0.08333334,0.1703431,0.246124,0.7826962,0.0003369797,0,0.0001750814,2.123593E-05,0.001558156
57.41876,"2020-03-21 10:03:01",泰国,322,0,43,1,278,0.1335404,0.00310559,0.863354,0.02325581,43,0.1818182,,0.3385827,0.08333334,0.1703431,0.246124,0.7826962,0.0003369797,0,0.0001750814,2.123593E-05,0.001558156
57.4578,"2020-03-21 10:59:14",泰国,322,0,43,1,278,0.1335404,0.00310559,0.863354,0.02325581,43,0.1818182,,0.3385827,0.08333334,0.1703431,0.246124,0.7826962,0.0003369797,0,0.0001750814,2.123593E-05,0.001558156
57.47359,"2020-03-21 11:21:58",泰国,322,0,43,1,278,0.1335404,0.00310559,0.863354,0.02325581,43,0.1818182,,0.3385827,0.08333334,0.1703431,0.246124,0.7826962,0.0003369797,0,0.0001750814,2.123593E-05,0.001558156
57.89864,"2020-03-21 21:34:02",泰国,411,0,44,1,366,0.107056,0.00243309,0.890511,0.02272727,44,0.2320723,,0.3464567,0.08333334,0.2242647,0.2405303,0.8068411,0.0004301201,0,0.0001791531,2.123593E-05,0.002051386
58.63933,"2020-03-22 15:20:38",泰国,599,0,45,1,553,0.07512521,0.001669449,0.9232053,0.02222222,45,0.338227,,0.3543307,0.08333334,0.338848,0.2351852,0.8309859,0.0006268661,0,0.0001832248,2.123593E-05,0.003099498
58.67144,"2020-03-22 16:06:52",泰国,599,0,45,1,553,0.07512521,0.001669449,0.9232053,0.02222222,45,0.338227,,0.3543307,0.08333334,0.338848,0.2351852,0.8309859,0.0006268661,0,0.0001832248,2.123593E-05,0.003099498
58.67373,"2020-03-22 16:10:10",泰国,599,0,45,1,553,0.07512521,0.001669449,0.9232053,0.02222222,45,0.338227,,0.3543307,0.08333334,0.338848,0.2351852,0.8309859,0.0006268661,0,0.0001832248,2.123593E-05,0.003099498
58.78626,"2020-03-22 18:52:13",泰国,599,0,45,1,553,0.07512521,0.001669449,0.9232053,0.02222222,45,0.338227,,0.3543307,0.08333334,0.338848,0.2351852,0.8309859,0.0006268661,0,0.0001832248,2.123593E-05,0.003099498
58.80104,"2020-03-22 19:13:30",泰国,599,0,45,1,553,0.07512521,0.001669449,0.9232053,0.02222222,45,0.338227,,0.3543307,0.08333334,0.338848,0.2351852,0.8309859,0.0006268661,0,0.0001832248,2.123593E-05,0.003099498
58.80795,"2020-03-22 19:23:27",泰国,599,0,45,1,553,0.07512521,0.001669449,0.9232053,0.02222222,45,0.338227,,0.3543307,0.08333334,0.338848,0.2351852,0.8309859,0.0006268661,0,0.0001832248,2.123593E-05,0.003099498
59.20255,"2020-03-23 04:51:40",泰国,599,0,45,1,553,0.07512521,0.001669449,0.9232053,0.02222222,45,0.338227,,0.3543307,0.08333334,0.338848,0.2351852,0.8309859,0.0006268661,0,0.0001832248,2.123593E-05,0.003099498
59.22614,"2020-03-23 05:25:38",泰国,599,0,45,1,553,0.07512521,0.001669449,0.9232053,0.02222222,45,0.338227,,0.3543307,0.08333334,0.338848,0.2351852,0.8309859,0.0006268661,0,0.0001832248,2.123593E-05,0.003099498
59.41842,"2020-03-23 10:02:31",泰国,599,0,45,1,553,0.07512521,0.001669449,0.9232053,0.02222222,45,0.338227,,0.3543307,0.08333334,0.338848,0.2351852,0.8309859,0.0006268661,0,0.0001832248,2.123593E-05,0.003099498
59.43769,"2020-03-23 10:30:16",泰国,599,0,45,1,553,0.07512521,0.001669449,0.9232053,0.02222222,45,0.338227,,0.3543307,0.08333334,0.338848,0.2351852,0.8309859,0.0006268661,0,0.0001832248,2.123593E-05,0.003099498
59.43847,"2020-03-23 10:31:24",泰国,599,0,45,1,553,0.07512521,0.001669449,0.9232053,0.02222222,45,0.338227,,0.3543307,0.08333334,0.338848,0.2351852,0.8309859,0.0006268661,0,0.0001832248,2.123593E-05,0.003099498
59.50339,"2020-03-23 12:04:53",泰国,599,0,45,1,553,0.07512521,0.001669449,0.9232053,0.02222222,45,0.338227,,0.3543307,0.08333334,0.338848,0.2351852,0.8309859,0.0006268661,0,0.0001832248,2.123593E-05,0.003099498
59.54601,"2020-03-23 13:06:15",泰国,599,0,45,1,553,0.07512521,0.001669449,0.9232053,0.02222222,45,0.338227,,0.3543307,0.08333334,0.338848,0.2351852,0.8309859,0.0006268661,0,0.0001832248,2.123593E-05,0.003099498
59.54992,"2020-03-23 13:11:53",泰国,599,0,45,1,553,0.07512521,0.001669449,0.9232053,0.02222222,45,0.338227,,0.3543307,0.08333334,0.338848,0.2351852,0.8309859,0.0006268661,0,0.0001832248,2.123593E-05,0.003099498
59.56542,"2020-03-23 13:34:12",泰国,721,0,52,1,668,0.07212205,0.001386963,0.926491,0.01923077,52,0.4071146,,0.4094488,0.08333334,0.4093137,0.2035256,1,0.0007545417,0,0.0002117264,2.123593E-05,0.003744059
59.61473,"2020-03-23 14:45:13",泰国,721,0,52,1,668,0.07212205,0.001386963,0.926491,0.01923077,52,0.4071146,,0.4094488,0.08333334,0.4093137,0.2035256,1,0.0007545417,0,0.0002117264,2.123593E-05,0.003744059
59.6857,"2020-03-23 16:27:24",泰国,721,0,52,1,668,0.07212205,0.001386963,0.926491,0.01923077,52,0.4071146,,0.4094488,0.08333334,0.4093137,0.2035256,1,0.0007545417,0,0.0002117264,2.123593E-05,0.003744059
59.75438,"2020-03-23 18:06:18",泰国,721,0,52,1,668,0.07212205,0.001386963,0.926491,0.01923077,52,0.4071146,,0.4094488,0.08333334,0.4093137,0.2035256,1,0.0007545417,0,0.0002117264,2.123593E-05,0.003744059
59.81739,"2020-03-23 19:37:03",泰国,721,0,52,1,668,0.07212205,0.001386963,0.926491,0.01923077,52,0.4071146,,0.4094488,0.08333334,0.4093137,0.2035256,1,0.0007545417,0,0.0002117264,2.123593E-05,0.003744059
59.96926,"2020-03-23 23:15:44",泰国,721,0,52,1,668,0.07212205,0.001386963,0.926491,0.01923077,52,0.4071146,,0.4094488,0.08333334,0.4093137,0.2035256,1,0.0007545417,0,0.0002117264,2.123593E-05,0.003744059
60.30337,"2020-03-24 07:16:51",泰国,721,0,52,1,668,0.07212205,0.001386963,0.926491,0.01923077,52,0.4071146,,0.4094488,0.08333334,0.4093137,0.2035256,1,0.0007545417,0,0.0002117264,2.123593E-05,0.003744059
60.41782,"2020-03-24 10:01:40",泰国,721,0,52,1,668,0.07212205,0.001386963,0.926491,0.01923077,52,0.4071146,,0.4094488,0.08333334,0.4093137,0.2035256,1,0.0007545417,0,0.0002117264,2.123593E-05,0.003744059
60.44418,"2020-03-24 10:39:37",泰国,721,0,52,1,668,0.07212205,0.001386963,0.926491,0.01923077,52,0.4071146,,0.4094488,0.08333334,0.4093137,0.2035256,1,0.0007545417,0,0.0002117264,2.123593E-05,0.003744059
60.45574,"2020-03-24 10:56:16",泰国,721,0,52,1,668,0.07212205,0.001386963,0.926491,0.01923077,52,0.4071146,,0.4094488,0.08333334,0.4093137,0.2035256,1,0.0007545417,0,0.0002117264,2.123593E-05,0.003744059
60.50641,"2020-03-24 12:09:14",泰国,827,0,57,4,766,0.06892382,0.00483676,0.9262394,0.07017544,14.25,0.4669678,,0.4488189,0.3333333,0.4693627,0.7426901,0.08853119,0.0008654729,0,0.0002320847,8.494373E-05,0.004293337
60.51336,"2020-03-24 12:19:14",泰国,827,0,57,4,766,0.06892382,0.00483676,0.9262394,0.07017544,14.25,0.4669678,,0.4488189,0.3333333,0.4693627,0.7426901,0.08853119,0.0008654729,0,0.0002320847,8.494373E-05,0.004293337
60.62437,"2020-03-24 14:59:06",泰国,827,0,57,4,766,0.06892382,0.00483676,0.9262394,0.07017544,14.25,0.4669678,,0.4488189,0.3333333,0.4693627,0.7426901,0.08853119,0.0008654729,0,0.0002320847,8.494373E-05,0.004293337
60.63916,"2020-03-24 15:20:23",泰国,827,0,57,4,766,0.06892382,0.00483676,0.9262394,0.07017544,14.25,0.4669678,,0.4488189,0.3333333,0.4693627,0.7426901,0.08853119,0.0008654729,0,0.0002320847,8.494373E-05,0.004293337
60.66175,"2020-03-24 15:52:55",泰国,827,0,57,4,766,0.06892382,0.00483676,0.9262394,0.07017544,14.25,0.4669678,,0.4488189,0.3333333,0.4693627,0.7426901,0.08853119,0.0008654729,0,0.0002320847,8.494373E-05,0.004293337
60.66488,"2020-03-24 15:57:26",泰国,827,0,57,4,766,0.06892382,0.00483676,0.9262394,0.07017544,14.25,0.4669678,,0.4488189,0.3333333,0.4693627,0.7426901,0.08853119,0.0008654729,0,0.0002320847,8.494373E-05,0.004293337
60.67425,"2020-03-24 16:10:55",泰国,827,0,57,4,766,0.06892382,0.00483676,0.9262394,0.07017544,14.25,0.4669678,,0.4488189,0.3333333,0.4693627,0.7426901,0.08853119,0.0008654729,0,0.0002320847,8.494373E-05,0.004293337
60.71506,"2020-03-24 17:09:41",泰国,827,0,57,4,766,0.06892382,0.00483676,0.9262394,0.07017544,14.25,0.4669678,,0.4488189,0.3333333,0.4693627,0.7426901,0.08853119,0.0008654729,0,0.0002320847,8.494373E-05,0.004293337
60.75583,"2020-03-24 18:08:24",泰国,827,0,57,4,766,0.06892382,0.00483676,0.9262394,0.07017544,14.25,0.4669678,,0.4488189,0.3333333,0.4693627,0.7426901,0.08853119,0.0008654729,0,0.0002320847,8.494373E-05,0.004293337
60.80522,"2020-03-24 19:19:31",泰国,827,0,57,4,766,0.06892382,0.00483676,0.9262394,0.07017544,14.25,0.4669678,,0.4488189,0.3333333,0.4693627,0.7426901,0.08853119,0.0008654729,0,0.0002320847,8.494373E-05,0.004293337
60.87705,"2020-03-24 21:02:57",泰国,827,0,57,4,766,0.06892382,0.00483676,0.9262394,0.07017544,14.25,0.4669678,,0.4488189,0.3333333,0.4693627,0.7426901,0.08853119,0.0008654729,0,0.0002320847,8.494373E-05,0.004293337
60.87783,"2020-03-24 21:04:05",泰国,827,0,57,4,766,0.06892382,0.00483676,0.9262394,0.07017544,14.25,0.4669678,,0.4488189,0.3333333,0.4693627,0.7426901,0.08853119,0.0008654729,0,0.0002320847,8.494373E-05,0.004293337
60.92802,"2020-03-24 22:16:21",泰国,827,0,57,4,766,0.06892382,0.00483676,0.9262394,0.07017544,14.25,0.4669678,,0.4488189,0.3333333,0.4693627,0.7426901,0.08853119,0.0008654729,0,0.0002320847,8.494373E-05,0.004293337
61.03349,"2020-03-25 00:48:13",泰国,827,0,57,4,766,0.06892382,0.00483676,0.9262394,0.07017544,14.25,0.4669678,,0.4488189,0.3333333,0.4693627,0.7426901,0.08853119,0.0008654729,0,0.0002320847,8.494373E-05,0.004293337
61.04804,"2020-03-25 01:09:11",泰国,827,0,57,4,766,0.06892382,0.00483676,0.9262394,0.07017544,14.25,0.4669678,,0.4488189,0.3333333,0.4693627,0.7426901,0.08853119,0.0008654729,0,0.0002320847,8.494373E-05,0.004293337
61.27872,"2020-03-25 06:41:21",泰国,827,0,57,4,766,0.06892382,0.00483676,0.9262394,0.07017544,14.25,0.4669678,,0.4488189,0.3333333,0.4693627,0.7426901,0.08853119,0.0008654729,0,0.0002320847,8.494373E-05,0.004293337
61.28547,"2020-03-25 06:51:05",泰国,827,0,57,4,766,0.06892382,0.00483676,0.9262394,0.07017544,14.25,0.4669678,,0.4488189,0.3333333,0.4693627,0.7426901,0.08853119,0.0008654729,0,0.0002320847,8.494373E-05,0.004293337
61.61322,"2020-03-25 14:43:02",泰国,934,0,70,4,860,0.07494646,0.004282655,0.9207709,0.05714286,17.5,0.5273857,,0.5511811,0.3333333,0.5269608,0.6047619,0.167002,0.0009774506,0,0.0002850163,8.494373E-05,0.004820195
61.64619,"2020-03-25 15:30:31",泰国,934,0,70,4,860,0.07494646,0.004282655,0.9207709,0.05714286,17.5,0.5273857,,0.5511811,0.3333333,0.5269608,0.6047619,0.167002,0.0009774506,0,0.0002850163,8.494373E-05,0.004820195
61.64841,"2020-03-25 15:33:43",泰国,934,0,70,4,860,0.07494646,0.004282655,0.9207709,0.05714286,17.5,0.5273857,,0.5511811,0.3333333,0.5269608,0.6047619,0.167002,0.0009774506,0,0.0002850163,8.494373E-05,0.004820195
61.64975,"2020-03-25 15:35:38",泰国,934,0,70,4,860,0.07494646,0.004282655,0.9207709,0.05714286,17.5,0.5273857,,0.5511811,0.3333333,0.5269608,0.6047619,0.167002,0.0009774506,0,0.0002850163,8.494373E-05,0.004820195
61.8223,"2020-03-25 19:44:07",泰国,934,0,70,4,860,0.07494646,0.004282655,0.9207709,0.05714286,17.5,0.5273857,,0.5511811,0.3333333,0.5269608,0.6047619,0.167002,0.0009774506,0,0.0002850163,8.494373E-05,0.004820195
61.84539,"2020-03-25 20:17:22",泰国,934,0,70,4,860,0.07494646,0.004282655,0.9207709,0.05714286,17.5,0.5273857,,0.5511811,0.3333333,0.5269608,0.6047619,0.167002,0.0009774506,0,0.0002850163,8.494373E-05,0.004820195
61.97947,"2020-03-25 23:30:26",泰国,934,0,70,4,860,0.07494646,0.004282655,0.9207709,0.05714286,17.5,0.5273857,,0.5511811,0.3333333,0.5269608,0.6047619,0.167002,0.0009774506,0,0.0002850163,8.494373E-05,0.004820195
61.99971,"2020-03-25 23:59:35",泰国,934,0,70,4,860,0.07494646,0.004282655,0.9207709,0.05714286,17.5,0.5273857,,0.5511811,0.3333333,0.5269608,0.6047619,0.167002,0.0009774506,0,0.0002850163,8.494373E-05,0.004820195
62.04814,"2020-03-26 01:09:19",泰国,934,0,70,4,860,0.07494646,0.004282655,0.9207709,0.05714286,17.5,0.5273857,,0.5511811,0.3333333,0.5269608,0.6047619,0.167002,0.0009774506,0,0.0002850163,8.494373E-05,0.004820195
62.25301,"2020-03-26 06:04:20",泰国,934,0,70,4,860,0.07494646,0.004282655,0.9207709,0.05714286,17.5,0.5273857,,0.5511811,0.3333333,0.5269608,0.6047619,0.167002,0.0009774506,0,0.0002850163,8.494373E-05,0.004820195
62.25505,"2020-03-26 06:07:16",泰国,934,0,70,4,860,0.07494646,0.004282655,0.9207709,0.05714286,17.5,0.5273857,,0.5511811,0.3333333,0.5269608,0.6047619,0.167002,0.0009774506,0,0.0002850163,8.494373E-05,0.004820195
62.25708,"2020-03-26 06:10:12",泰国,934,0,70,4,860,0.07494646,0.004282655,0.9207709,0.05714286,17.5,0.5273857,,0.5511811,0.3333333,0.5269608,0.6047619,0.167002,0.0009774506,0,0.0002850163,8.494373E-05,0.004820195
62.26538,"2020-03-26 06:22:09",泰国,934,0,70,4,860,0.07494646,0.004282655,0.9207709,0.05714286,17.5,0.5273857,,0.5511811,0.3333333,0.5269608,0.6047619,0.167002,0.0009774506,0,0.0002850163,8.494373E-05,0.004820195
62.26777,"2020-03-26 06:25:35",泰国,934,0,70,4,860,0.07494646,0.004282655,0.9207709,0.05714286,17.5,0.5273857,,0.5511811,0.3333333,0.5269608,0.6047619,0.167002,0.0009774506,0,0.0002850163,8.494373E-05,0.004820195
62.27267,"2020-03-26 06:32:39",泰国,934,0,70,4,860,0.07494646,0.004282655,0.9207709,0.05714286,17.5,0.5273857,,0.5511811,0.3333333,0.5269608,0.6047619,0.167002,0.0009774506,0,0.0002850163,8.494373E-05,0.004820195
62.27792,"2020-03-26 06:40:12",泰国,934,0,70,4,860,0.07494646,0.004282655,0.9207709,0.05714286,17.5,0.5273857,,0.5511811,0.3333333,0.5269608,0.6047619,0.167002,0.0009774506,0,0.0002850163,8.494373E-05,0.004820195
62.28244,"2020-03-26 06:46:43",泰国,934,0,70,4,860,0.07494646,0.004282655,0.9207709,0.05714286,17.5,0.5273857,,0.5511811,0.3333333,0.5269608,0.6047619,0.167002,0.0009774506,0,0.0002850163,8.494373E-05,0.004820195
62.28788,"2020-03-26 06:54:33",泰国,934,0,70,4,860,0.07494646,0.004282655,0.9207709,0.05714286,17.5,0.5273857,,0.5511811,0.3333333,0.5269608,0.6047619,0.167002,0.0009774506,0,0.0002850163,8.494373E-05,0.004820195
62.29324,"2020-03-26 07:02:16",泰国,934,0,70,4,860,0.07494646,0.004282655,0.9207709,0.05714286,17.5,0.5273857,,0.5511811,0.3333333,0.5269608,0.6047619,0.167002,0.0009774506,0,0.0002850163,8.494373E-05,0.004820195
62.303,"2020-03-26 07:16:19",泰国,934,0,70,4,860,0.07494646,0.004282655,0.9207709,0.05714286,17.5,0.5273857,,0.5511811,0.3333333,0.5269608,0.6047619,0.167002,0.0009774506,0,0.0002850163,8.494373E-05,0.004820195
62.30845,"2020-03-26 07:24:10",泰国,934,0,70,4,860,0.07494646,0.004282655,0.9207709,0.05714286,17.5,0.5273857,,0.5511811,0.3333333,0.5269608,0.6047619,0.167002,0.0009774506,0,0.0002850163,8.494373E-05,0.004820195
62.31271,"2020-03-26 07:30:18",泰国,934,0,70,4,860,0.07494646,0.004282655,0.9207709,0.05714286,17.5,0.5273857,,0.5511811,0.3333333,0.5269608,0.6047619,0.167002,0.0009774506,0,0.0002850163,8.494373E-05,0.004820195
62.32874,"2020-03-26 07:53:23",泰国,934,0,70,4,860,0.07494646,0.004282655,0.9207709,0.05714286,17.5,0.5273857,,0.5511811,0.3333333,0.5269608,0.6047619,0.167002,0.0009774506,0,0.0002850163,8.494373E-05,0.004820195
62.33426,"2020-03-26 08:01:20",泰国,934,0,70,4,860,0.07494646,0.004282655,0.9207709,0.05714286,17.5,0.5273857,,0.5511811,0.3333333,0.5269608,0.6047619,0.167002,0.0009774506,0,0.0002850163,8.494373E-05,0.004820195
62.38968,"2020-03-26 09:21:08",泰国,934,0,70,4,860,0.07494646,0.004282655,0.9207709,0.05714286,17.5,0.5273857,,0.5511811,0.3333333,0.5269608,0.6047619,0.167002,0.0009774506,0,0.0002850163,8.494373E-05,0.004820195
62.39601,"2020-03-26 09:30:15",泰国,934,0,70,4,860,0.07494646,0.004282655,0.9207709,0.05714286,17.5,0.5273857,,0.5511811,0.3333333,0.5269608,0.6047619,0.167002,0.0009774506,0,0.0002850163,8.494373E-05,0.004820195
62.41758,"2020-03-26 10:01:19",泰国,934,0,70,4,860,0.07494646,0.004282655,0.9207709,0.05714286,17.5,0.5273857,,0.5511811,0.3333333,0.5269608,0.6047619,0.167002,0.0009774506,0,0.0002850163,8.494373E-05,0.004820195
62.42668,"2020-03-26 10:14:25",泰国,934,0,70,4,860,0.07494646,0.004282655,0.9207709,0.05714286,17.5,0.5273857,,0.5511811,0.3333333,0.5269608,0.6047619,0.167002,0.0009774506,0,0.0002850163,8.494373E-05,0.004820195
62.52244,"2020-03-26 12:32:19",泰国,934,0,70,4,860,0.07494646,0.004282655,0.9207709,0.05714286,17.5,0.5273857,,0.5511811,0.3333333,0.5269608,0.6047619,0.167002,0.0009774506,0,0.0002850163,8.494373E-05,0.004820195
62.52662,"2020-03-26 12:38:20",泰国,934,0,70,4,860,0.07494646,0.004282655,0.9207709,0.05714286,17.5,0.5273857,,0.5511811,0.3333333,0.5269608,0.6047619,0.167002,0.0009774506,0,0.0002850163,8.494373E-05,0.004820195
62.57919,"2020-03-26 13:54:02",泰国,934,0,70,4,860,0.07494646,0.004282655,0.9207709,0.05714286,17.5,0.5273857,,0.5511811,0.3333333,0.5269608,0.6047619,0.167002,0.0009774506,0,0.0002850163,8.494373E-05,0.004820195
62.59394,"2020-03-26 14:15:16",泰国,1045,0,70,4,971,0.06698564,0.003827751,0.9291866,0.05714286,17.5,0.5900621,,0.5511811,0.3333333,0.5949755,0.6047619,0.167002,0.001093614,0,0.0002850163,8.494373E-05,0.005442337
62.61,"2020-03-26 14:38:24",泰国,1045,0,70,4,971,0.06698564,0.003827751,0.9291866,0.05714286,17.5,0.5900621,,0.5511811,0.3333333,0.5949755,0.6047619,0.167002,0.001093614,0,0.0002850163,8.494373E-05,0.005442337
62.64687,"2020-03-26 15:31:30",泰国,1045,0,70,4,971,0.06698564,0.003827751,0.9291866,0.05714286,17.5,0.5900621,,0.5511811,0.3333333,0.5949755,0.6047619,0.167002,0.001093614,0,0.0002850163,8.494373E-05,0.005442337
62.69128,"2020-03-26 16:35:27",泰国,1045,0,70,4,971,0.06698564,0.003827751,0.9291866,0.05714286,17.5,0.5900621,,0.5511811,0.3333333,0.5949755,0.6047619,0.167002,0.001093614,0,0.0002850163,8.494373E-05,0.005442337
62.7002,"2020-03-26 16:48:17",泰国,1045,0,70,4,971,0.06698564,0.003827751,0.9291866,0.05714286,17.5,0.5900621,,0.5511811,0.3333333,0.5949755,0.6047619,0.167002,0.001093614,0,0.0002850163,8.494373E-05,0.005442337
62.70513,"2020-03-26 16:55:23",泰国,1045,0,70,4,971,0.06698564,0.003827751,0.9291866,0.05714286,17.5,0.5900621,,0.5511811,0.3333333,0.5949755,0.6047619,0.167002,0.001093614,0,0.0002850163,8.494373E-05,0.005442337
62.71632,"2020-03-26 17:11:30",泰国,1045,0,70,4,971,0.06698564,0.003827751,0.9291866,0.05714286,17.5,0.5900621,,0.5511811,0.3333333,0.5949755,0.6047619,0.167002,0.001093614,0,0.0002850163,8.494373E-05,0.005442337
62.80246,"2020-03-26 19:15:33",泰国,1045,0,70,4,971,0.06698564,0.003827751,0.9291866,0.05714286,17.5,0.5900621,,0.5511811,0.3333333,0.5949755,0.6047619,0.167002,0.001093614,0,0.0002850163,8.494373E-05,0.005442337
62.8065,"2020-03-26 19:21:22",泰国,1045,0,70,4,971,0.06698564,0.003827751,0.9291866,0.05714286,17.5,0.5900621,,0.5511811,0.3333333,0.5949755,0.6047619,0.167002,0.001093614,0,0.0002850163,8.494373E-05,0.005442337
62.82047,"2020-03-26 19:41:29",泰国,1045,0,70,4,971,0.06698564,0.003827751,0.9291866,0.05714286,17.5,0.5900621,,0.5511811,0.3333333,0.5949755,0.6047619,0.167002,0.001093614,0,0.0002850163,8.494373E-05,0.005442337
62.84871,"2020-03-26 20:22:08",泰国,1045,0,70,4,971,0.06698564,0.003827751,0.9291866,0.05714286,17.5,0.5900621,,0.5511811,0.3333333,0.5949755,0.6047619,0.167002,0.001093614,0,0.0002850163,8.494373E-05,0.005442337
62.96149,"2020-03-26 23:04:33",泰国,1045,0,70,4,971,0.06698564,0.003827751,0.9291866,0.05714286,17.5,0.5900621,,0.5511811,0.3333333,0.5949755,0.6047619,0.167002,0.001093614,0,0.0002850163,8.494373E-05,0.005442337
63.00426,"2020-03-27 00:06:08",泰国,1045,0,70,4,971,0.06698564,0.003827751,0.9291866,0.05714286,17.5,0.5900621,,0.5511811,0.3333333,0.5949755,0.6047619,0.167002,0.001093614,0,0.0002850163,8.494373E-05,0.005442337
63.30337,"2020-03-27 07:16:51",泰国,1045,0,70,4,971,0.06698564,0.003827751,0.9291866,0.05714286,17.5,0.5900621,,0.5511811,0.3333333,0.5949755,0.6047619,0.167002,0.001093614,0,0.0002850163,8.494373E-05,0.005442337
63.33982,"2020-03-27 08:09:21",泰国,1045,0,70,4,971,0.06698564,0.003827751,0.9291866,0.05714286,17.5,0.5900621,,0.5511811,0.3333333,0.5949755,0.6047619,0.167002,0.001093614,0,0.0002850163,8.494373E-05,0.005442337
63.36087,"2020-03-27 08:39:39",泰国,1045,0,70,4,971,0.06698564,0.003827751,0.9291866,0.05714286,17.5,0.5900621,,0.5511811,0.3333333,0.5949755,0.6047619,0.167002,0.001093614,0,0.0002850163,8.494373E-05,0.005442337
63.39723,"2020-03-27 09:32:01",泰国,1045,0,70,4,971,0.06698564,0.003827751,0.9291866,0.05714286,17.5,0.5900621,,0.5511811,0.3333333,0.5949755,0.6047619,0.167002,0.001093614,0,0.0002850163,8.494373E-05,0.005442337
63.41808,"2020-03-27 10:02:02",泰国,1045,0,70,4,971,0.06698564,0.003827751,0.9291866,0.05714286,17.5,0.5900621,,0.5511811,0.3333333,0.5949755,0.6047619,0.167002,0.001093614,0,0.0002850163,8.494373E-05,0.005442337
63.41877,"2020-03-27 10:03:02",泰国,1045,0,70,4,971,0.06698564,0.003827751,0.9291866,0.05714286,17.5,0.5900621,,0.5511811,0.3333333,0.5949755,0.6047619,0.167002,0.001093614,0,0.0002850163,8.494373E-05,0.005442337
63.43335,"2020-03-27 10:24:01",泰国,1045,0,70,4,971,0.06698564,0.003827751,0.9291866,0.05714286,17.5,0.5900621,,0.5511811,0.3333333,0.5949755,0.6047619,0.167002,0.001093614,0,0.0002850163,8.494373E-05,0.005442337
63.50468,"2020-03-27 12:06:44",泰国,1136,0,97,5,1034,0.08538733,0.004401409,0.9102113,0.05154639,19.4,0.6414455,,0.7637795,0.4166667,0.6335784,0.5455326,0.2128773,0.001188848,0,0.0003949511,0.0001061797,0.005795444
63.50678,"2020-03-27 12:09:46",泰国,1136,0,97,5,1034,0.08538733,0.004401409,0.9102113,0.05154639,19.4,0.6414455,,0.7637795,0.4166667,0.6335784,0.5455326,0.2128773,0.001188848,0,0.0003949511,0.0001061797,0.005795444
63.53059,"2020-03-27 12:44:03",泰国,1136,0,97,5,1034,0.08538733,0.004401409,0.9102113,0.05154639,19.4,0.6414455,,0.7637795,0.4166667,0.6335784,0.5455326,0.2128773,0.001188848,0,0.0003949511,0.0001061797,0.005795444
63.79922,"2020-03-27 19:10:53",泰国,1136,0,97,5,1034,0.08538733,0.004401409,0.9102113,0.05154639,19.4,0.6414455,,0.7637795,0.4166667,0.6335784,0.5455326,0.2128773,0.001188848,0,0.0003949511,0.0001061797,0.005795444
63.80693,"2020-03-27 19:21:59",泰国,1136,0,97,5,1034,0.08538733,0.004401409,0.9102113,0.05154639,19.4,0.6414455,,0.7637795,0.4166667,0.6335784,0.5455326,0.2128773,0.001188848,0,0.0003949511,0.0001061797,0.005795444
63.863,"2020-03-27 20:42:43",泰国,1136,0,97,5,1034,0.08538733,0.004401409,0.9102113,0.05154639,19.4,0.6414455,,0.7637795,0.4166667,0.6335784,0.5455326,0.2128773,0.001188848,0,0.0003949511,0.0001061797,0.005795444
63.88963,"2020-03-27 21:21:04",泰国,1136,0,97,5,1034,0.08538733,0.004401409,0.9102113,0.05154639,19.4,0.6414455,,0.7637795,0.4166667,0.6335784,0.5455326,0.2128773,0.001188848,0,0.0003949511,0.0001061797,0.005795444
64.04023,"2020-03-28 00:57:56",泰国,1136,0,97,5,1034,0.08538733,0.004401409,0.9102113,0.05154639,19.4,0.6414455,,0.7637795,0.4166667,0.6335784,0.5455326,0.2128773,0.001188848,0,0.0003949511,0.0001061797,0.005795444
64.26659,"2020-03-28 06:23:53",泰国,1136,0,97,5,1034,0.08538733,0.004401409,0.9102113,0.05154639,19.4,0.6414455,,0.7637795,0.4166667,0.6335784,0.5455326,0.2128773,0.001188848,0,0.0003949511,0.0001061797,0.005795444
64.2729,"2020-03-28 06:32:58",泰国,1136,0,97,5,1034,0.08538733,0.004401409,0.9102113,0.05154639,19.4,0.6414455,,0.7637795,0.4166667,0.6335784,0.5455326,0.2128773,0.001188848,0,0.0003949511,0.0001061797,0.005795444
64.3003,"2020-03-28 07:12:26",泰国,1136,0,97,5,1034,0.08538733,0.004401409,0.9102113,0.05154639,19.4,0.6414455,,0.7637795,0.4166667,0.6335784,0.5455326,0.2128773,0.001188848,0,0.0003949511,0.0001061797,0.005795444
64.39362,"2020-03-28 09:26:49",泰国,1136,0,97,5,1034,0.08538733,0.004401409,0.9102113,0.05154639,19.4,0.6414455,,0.7637795,0.4166667,0.6335784,0.5455326,0.2128773,0.001188848,0,0.0003949511,0.0001061797,0.005795444
64.41755,"2020-03-28 10:01:16",泰国,1136,0,97,5,1034,0.08538733,0.004401409,0.9102113,0.05154639,19.4,0.6414455,,0.7637795,0.4166667,0.6335784,0.5455326,0.2128773,0.001188848,0,0.0003949511,0.0001061797,0.005795444
64.47018,"2020-03-28 11:17:03",泰国,1136,0,97,5,1034,0.08538733,0.004401409,0.9102113,0.05154639,19.4,0.6414455,,0.7637795,0.4166667,0.6335784,0.5455326,0.2128773,0.001188848,0,0.0003949511,0.0001061797,0.005795444
64.48139,"2020-03-28 11:33:12",泰国,1136,0,97,5,1034,0.08538733,0.004401409,0.9102113,0.05154639,19.4,0.6414455,,0.7637795,0.4166667,0.6335784,0.5455326,0.2128773,0.001188848,0,0.0003949511,0.0001061797,0.005795444
64.50945,"2020-03-28 12:13:36",泰国,1136,0,97,5,1034,0.08538733,0.004401409,0.9102113,0.05154639,19.4,0.6414455,,0.7637795,0.4166667,0.6335784,0.5455326,0.2128773,0.001188848,0,0.0003949511,0.0001061797,0.005795444
64.54247,"2020-03-28 13:01:09",泰国,1245,0,97,6,1142,0.07791165,0.004819277,0.9172691,0.06185567,16.16667,0.7029927,,0.7637795,0.5,0.6997549,0.6546392,0.1348088,0.001302919,0,0.0003949511,0.0001274156,0.006400771
64.75488,"2020-03-28 18:07:01",泰国,1245,0,97,6,1142,0.07791165,0.004819277,0.9172691,0.06185567,16.16667,0.7029927,,0.7637795,0.5,0.6997549,0.6546392,0.1348088,0.001302919,0,0.0003949511,0.0001274156,0.006400771
64.78508,"2020-03-28 18:50:31",泰国,1245,0,97,6,1142,0.07791165,0.004819277,0.9172691,0.06185567,16.16667,0.7029927,,0.7637795,0.5,0.6997549,0.6546392,0.1348088,0.001302919,0,0.0003949511,0.0001274156,0.006400771
64.7907,"2020-03-28 18:58:37",泰国,1245,0,97,6,1142,0.07791165,0.004819277,0.9172691,0.06185567,16.16667,0.7029927,,0.7637795,0.5,0.6997549,0.6546392,0.1348088,0.001302919,0,0.0003949511,0.0001274156,0.006400771
64.80477,"2020-03-28 19:18:52",泰国,1245,0,97,6,1142,0.07791165,0.004819277,0.9172691,0.06185567,16.16667,0.7029927,,0.7637795,0.5,0.6997549,0.6546392,0.1348088,0.001302919,0,0.0003949511,0.0001274156,0.006400771
64.92328,"2020-03-28 22:09:31",泰国,1245,0,97,6,1142,0.07791165,0.004819277,0.9172691,0.06185567,16.16667,0.7029927,,0.7637795,0.5,0.6997549,0.6546392,0.1348088,0.001302919,0,0.0003949511,0.0001274156,0.006400771
64.97025,"2020-03-28 23:17:10",泰国,1245,0,97,6,1142,0.07791165,0.004819277,0.9172691,0.06185567,16.16667,0.7029927,,0.7637795,0.5,0.6997549,0.6546392,0.1348088,0.001302919,0,0.0003949511,0.0001274156,0.006400771
64.9934,"2020-03-28 23:50:30",泰国,1245,0,97,6,1142,0.07791165,0.004819277,0.9172691,0.06185567,16.16667,0.7029927,,0.7637795,0.5,0.6997549,0.6546392,0.1348088,0.001302919,0,0.0003949511,0.0001274156,0.006400771
64.99691,"2020-03-28 23:55:33",泰国,1245,0,97,6,1142,0.07791165,0.004819277,0.9172691,0.06185567,16.16667,0.7029927,,0.7637795,0.5,0.6997549,0.6546392,0.1348088,0.001302919,0,0.0003949511,0.0001274156,0.006400771
65.299,"2020-03-29 07:10:34",泰国,1245,0,97,6,1142,0.07791165,0.004819277,0.9172691,0.06185567,16.16667,0.7029927,,0.7637795,0.5,0.6997549,0.6546392,0.1348088,0.001302919,0,0.0003949511,0.0001274156,0.006400771
65.41807,"2020-03-29 10:02:01",泰国,1245,0,97,6,1142,0.07791165,0.004819277,0.9172691,0.06185567,16.16667,0.7029927,,0.7637795,0.5,0.6997549,0.6546392,0.1348088,0.001302919,0,0.0003949511,0.0001274156,0.006400771
65.54128,"2020-03-29 12:59:27",泰国,1388,0,97,7,1284,0.06988472,0.005043228,0.9250721,0.07216495,13.85714,0.783738,,0.7637795,0.5833333,0.7867647,0.7637457,0.0790457,0.001452571,0,0.0003949511,0.0001486515,0.007196664
65.55811,"2020-03-29 13:23:41",泰国,1388,0,97,7,1284,0.06988472,0.005043228,0.9250721,0.07216495,13.85714,0.783738,,0.7637795,0.5833333,0.7867647,0.7637457,0.0790457,0.001452571,0,0.0003949511,0.0001486515,0.007196664
65.68964,"2020-03-29 16:33:05",泰国,1388,0,97,7,1284,0.06988472,0.005043228,0.9250721,0.07216495,13.85714,0.783738,,0.7637795,0.5833333,0.7867647,0.7637457,0.0790457,0.001452571,0,0.0003949511,0.0001486515,0.007196664
65.69946,"2020-03-29 16:47:13",泰国,1388,0,97,7,1284,0.06988472,0.005043228,0.9250721,0.07216495,13.85714,0.783738,,0.7637795,0.5833333,0.7867647,0.7637457,0.0790457,0.001452571,0,0.0003949511,0.0001486515,0.007196664
65.72681,"2020-03-29 17:26:37",泰国,1388,0,97,7,1284,0.06988472,0.005043228,0.9250721,0.07216495,13.85714,0.783738,,0.7637795,0.5833333,0.7867647,0.7637457,0.0790457,0.001452571,0,0.0003949511,0.0001486515,0.007196664
65.77314,"2020-03-29 18:33:19",泰国,1388,0,97,7,1284,0.06988472,0.005043228,0.9250721,0.07216495,13.85714,0.783738,,0.7637795,0.5833333,0.7867647,0.7637457,0.0790457,0.001452571,0,0.0003949511,0.0001486515,0.007196664
65.81385,"2020-03-29 19:31:57",泰国,1388,0,97,7,1284,0.06988472,0.005043228,0.9250721,0.07216495,13.85714,0.783738,,0.7637795,0.5833333,0.7867647,0.7637457,0.0790457,0.001452571,0,0.0003949511,0.0001486515,0.007196664
65.87843,"2020-03-29 21:04:56",泰国,1388,0,97,7,1284,0.06988472,0.005043228,0.9250721,0.07216495,13.85714,0.783738,,0.7637795,0.5833333,0.7867647,0.7637457,0.0790457,0.001452571,0,0.0003949511,0.0001486515,0.007196664
66.27337,"2020-03-30 06:33:39",泰国,1388,0,97,7,1284,0.06988472,0.005043228,0.9250721,0.07216495,13.85714,0.783738,,0.7637795,0.5833333,0.7867647,0.7637457,0.0790457,0.001452571,0,0.0003949511,0.0001486515,0.007196664
66.28667,"2020-03-30 06:52:49",泰国,1388,0,97,7,1284,0.06988472,0.005043228,0.9250721,0.07216495,13.85714,0.783738,,0.7637795,0.5833333,0.7867647,0.7637457,0.0790457,0.001452571,0,0.0003949511,0.0001486515,0.007196664
66.28948,"2020-03-30 06:56:51",泰国,1388,0,97,7,1284,0.06988472,0.005043228,0.9250721,0.07216495,13.85714,0.783738,,0.7637795,0.5833333,0.7867647,0.7637457,0.0790457,0.001452571,0,0.0003949511,0.0001486515,0.007196664
66.29159,"2020-03-30 06:59:53",泰国,1388,0,97,7,1284,0.06988472,0.005043228,0.9250721,0.07216495,13.85714,0.783738,,0.7637795,0.5833333,0.7867647,0.7637457,0.0790457,0.001452571,0,0.0003949511,0.0001486515,0.007196664
66.30843,"2020-03-30 07:24:08",泰国,1388,0,97,7,1284,0.06988472,0.005043228,0.9250721,0.07216495,13.85714,0.783738,,0.7637795,0.5833333,0.7867647,0.7637457,0.0790457,0.001452571,0,0.0003949511,0.0001486515,0.007196664
66.32244,"2020-03-30 07:44:19",泰国,1388,0,97,7,1284,0.06988472,0.005043228,0.9250721,0.07216495,13.85714,0.783738,,0.7637795,0.5833333,0.7867647,0.7637457,0.0790457,0.001452571,0,0.0003949511,0.0001486515,0.007196664
66.33787,"2020-03-30 08:06:32",泰国,1388,0,97,7,1284,0.06988472,0.005043228,0.9250721,0.07216495,13.85714,0.783738,,0.7637795,0.5833333,0.7867647,0.7637457,0.0790457,0.001452571,0,0.0003949511,0.0001486515,0.007196664
66.41789,"2020-03-30 10:01:46",泰国,1388,0,97,7,1284,0.06988472,0.005043228,0.9250721,0.07216495,13.85714,0.783738,,0.7637795,0.5833333,0.7867647,0.7637457,0.0790457,0.001452571,0,0.0003949511,0.0001486515,0.007196664
66.42421,"2020-03-30 10:10:52",泰国,1388,0,97,7,1284,0.06988472,0.005043228,0.9250721,0.07216495,13.85714,0.783738,,0.7637795,0.5833333,0.7867647,0.7637457,0.0790457,0.001452571,0,0.0003949511,0.0001486515,0.007196664
66.45001,"2020-03-30 10:48:01",泰国,1388,0,97,7,1284,0.06988472,0.005043228,0.9250721,0.07216495,13.85714,0.783738,,0.7637795,0.5833333,0.7867647,0.7637457,0.0790457,0.001452571,0,0.0003949511,0.0001486515,0.007196664
66.54544,"2020-03-30 13:05:26",泰国,1388,0,97,7,1284,0.06988472,0.005043228,0.9250721,0.07216495,13.85714,0.783738,,0.7637795,0.5833333,0.7867647,0.7637457,0.0790457,0.001452571,0,0.0003949511,0.0001486515,0.007196664
66.69294,"2020-03-30 16:37:50",泰国,1524,0,127,9,1388,0.08333334,0.005905512,0.9107612,0.07086615,14.11111,0.8605308,,1,0.75,0.8504902,0.7500001,0.08517773,0.001594898,0,0.000517101,0.0001911234,0.007779571
66.70277,"2020-03-30 16:52:00",泰国,1524,0,127,9,1388,0.08333334,0.005905512,0.9107612,0.07086615,14.11111,0.8605308,,1,0.75,0.8504902,0.7500001,0.08517773,0.001594898,0,0.000517101,0.0001911234,0.007779571
66.7808,"2020-03-30 18:44:21",泰国,1524,0,127,9,1388,0.08333334,0.005905512,0.9107612,0.07086615,14.11111,0.8605308,,1,0.75,0.8504902,0.7500001,0.08517773,0.001594898,0,0.000517101,0.0001911234,0.007779571
66.78922,"2020-03-30 18:56:28",泰国,1524,0,127,9,1388,0.08333334,0.005905512,0.9107612,0.07086615,14.11111,0.8605308,,1,0.75,0.8504902,0.7500001,0.08517773,0.001594898,0,0.000517101,0.0001911234,0.007779571
66.80889,"2020-03-30 19:24:48",泰国,1524,0,127,9,1388,0.08333334,0.005905512,0.9107612,0.07086615,14.11111,0.8605308,,1,0.75,0.8504902,0.7500001,0.08517773,0.001594898,0,0.000517101,0.0001911234,0.007779571
66.90858,"2020-03-30 21:48:21",泰国,1524,0,127,9,1388,0.08333334,0.005905512,0.9107612,0.07086615,14.11111,0.8605308,,1,0.75,0.8504902,0.7500001,0.08517773,0.001594898,0,0.000517101,0.0001911234,0.007779571
66.92259,"2020-03-30 22:08:32",泰国,1524,0,127,9,1388,0.08333334,0.005905512,0.9107612,0.07086615,14.11111,0.8605308,,1,0.75,0.8504902,0.7500001,0.08517773,0.001594898,0,0.000517101,0.0001911234,0.007779571
67.30021,"2020-03-31 07:12:18",泰国,1524,0,127,9,1388,0.08333334,0.005905512,0.9107612,0.07086615,14.11111,0.8605308,,1,0.75,0.8504902,0.7500001,0.08517773,0.001594898,0,0.000517101,0.0001911234,0.007779571
67.30442,"2020-03-31 07:18:22",泰国,1524,0,127,9,1388,0.08333334,0.005905512,0.9107612,0.07086615,14.11111,0.8605308,,1,0.75,0.8504902,0.7500001,0.08517773,0.001594898,0,0.000517101,0.0001911234,0.007779571
67.31074,"2020-03-31 07:27:28",泰国,1524,0,127,9,1388,0.08333334,0.005905512,0.9107612,0.07086615,14.11111,0.8605308,,1,0.75,0.8504902,0.7500001,0.08517773,0.001594898,0,0.000517101,0.0001911234,0.007779571
67.36408,"2020-03-31 08:44:17",泰国,1524,0,127,9,1388,0.08333334,0.005905512,0.9107612,0.07086615,14.11111,0.8605308,,1,0.75,0.8504902,0.7500001,0.08517773,0.001594898,0,0.000517101,0.0001911234,0.007779571
67.37462,"2020-03-31 08:59:27",泰国,1524,0,127,9,1388,0.08333334,0.005905512,0.9107612,0.07086615,14.11111,0.8605308,,1,0.75,0.8504902,0.7500001,0.08517773,0.001594898,0,0.000517101,0.0001911234,0.007779571
67.41764,"2020-03-31 10:01:24",泰国,1524,0,127,9,1388,0.08333334,0.005905512,0.9107612,0.07086615,14.11111,0.8605308,,1,0.75,0.8504902,0.7500001,0.08517773,0.001594898,0,0.000517101,0.0001911234,0.007779571
67.51533,"2020-03-31 12:22:04",泰国,1524,0,127,9,1388,0.08333334,0.005905512,0.9107612,0.07086615,14.11111,0.8605308,,1,0.75,0.8504902,0.7500001,0.08517773,0.001594898,0,0.000517101,0.0001911234,0.007779571
67.54969,"2020-03-31 13:11:33",泰国,1524,0,127,9,1388,0.08333334,0.005905512,0.9107612,0.07086615,14.11111,0.8605308,,1,0.75,0.8504902,0.7500001,0.08517773,0.001594898,0,0.000517101,0.0001911234,0.007779571
67.57634,"2020-03-31 13:49:56",泰国,1651,0,127,10,1514,0.07692308,0.006056935,0.91702,0.07874016,12.7,0.9322417,,1,0.8333333,0.927696,0.8333333,0.05110664,0.001727806,0,0.000517101,0.0002123593,0.008485786
67.71533,"2020-03-31 17:10:05",泰国,1651,0,127,10,1514,0.07692308,0.006056935,0.91702,0.07874016,12.7,0.9322417,,1,0.8333333,0.927696,0.8333333,0.05110664,0.001727806,0,0.000517101,0.0002123593,0.008485786
67.75744,"2020-03-31 18:10:43",泰国,1651,0,127,10,1514,0.07692308,0.006056935,0.91702,0.07874016,12.7,0.9322417,,1,0.8333333,0.927696,0.8333333,0.05110664,0.001727806,0,0.000517101,0.0002123593,0.008485786
67.79112,"2020-03-31 18:59:13",泰国,1651,0,127,10,1514,0.07692308,0.006056935,0.91702,0.07874016,12.7,0.9322417,,1,0.8333333,0.927696,0.8333333,0.05110664,0.001727806,0,0.000517101,0.0002123593,0.008485786
67.8031,"2020-03-31 19:16:28",泰国,1651,0,127,10,1514,0.07692308,0.006056935,0.91702,0.07874016,12.7,0.9322417,,1,0.8333333,0.927696,0.8333333,0.05110664,0.001727806,0,0.000517101,0.0002123593,0.008485786
67.86623,"2020-03-31 20:47:22",泰国,1651,0,127,10,1514,0.07692308,0.006056935,0.91702,0.07874016,12.7,0.9322417,,1,0.8333333,0.927696,0.8333333,0.05110664,0.001727806,0,0.000517101,0.0002123593,0.008485786
67.87325,"2020-03-31 20:57:29",泰国,1651,0,127,10,1514,0.07692308,0.006056935,0.91702,0.07874016,12.7,0.9322417,,1,0.8333333,0.927696,0.8333333,0.05110664,0.001727806,0,0.000517101,0.0002123593,0.008485786
67.91254,"2020-03-31 21:54:04",泰国,1651,0,127,10,1514,0.07692308,0.006056935,0.91702,0.07874016,12.7,0.9322417,,1,0.8333333,0.927696,0.8333333,0.05110664,0.001727806,0,0.000517101,0.0002123593,0.008485786
67.92174,"2020-03-31 22:07:18",泰国,1651,0,127,10,1514,0.07692308,0.006056935,0.91702,0.07874016,12.7,0.9322417,,1,0.8333333,0.927696,0.8333333,0.05110664,0.001727806,0,0.000517101,0.0002123593,0.008485786
67.95189,"2020-03-31 22:50:43",泰国,1651,0,127,10,1514,0.07692308,0.006056935,0.91702,0.07874016,12.7,0.9322417,,1,0.8333333,0.927696,0.8333333,0.05110664,0.001727806,0,0.000517101,0.0002123593,0.008485786
68.3012,"2020-04-01 07:13:44",泰国,1651,0,127,10,1514,0.07692308,0.006056935,0.91702,0.07874016,12.7,0.9322417,,1,0.8333333,0.927696,0.8333333,0.05110664,0.001727806,0,0.000517101,0.0002123593,0.008485786
68.31382,"2020-04-01 07:31:54",泰国,1651,0,127,10,1514,0.07692308,0.006056935,0.91702,0.07874016,12.7,0.9322417,,1,0.8333333,0.927696,0.8333333,0.05110664,0.001727806,0,0.000517101,0.0002123593,0.008485786
68.32785,"2020-04-01 07:52:06",泰国,1651,0,127,10,1514,0.07692308,0.006056935,0.91702,0.07874016,12.7,0.9322417,,1,0.8333333,0.927696,0.8333333,0.05110664,0.001727806,0,0.000517101,0.0002123593,0.008485786
68.33632,"2020-04-01 08:04:18",泰国,1651,0,127,10,1514,0.07692308,0.006056935,0.91702,0.07874016,12.7,0.9322417,,1,0.8333333,0.927696,0.8333333,0.05110664,0.001727806,0,0.000517101,0.0002123593,0.008485786
68.41776,"2020-04-01 10:01:35",泰国,1651,0,127,10,1514,0.07692308,0.006056935,0.91702,0.07874016,12.7,0.9322417,,1,0.8333333,0.927696,0.8333333,0.05110664,0.001727806,0,0.000517101,0.0002123593,0.008485786
68.5252,"2020-04-01 12:36:17",泰国,1651,0,127,10,1514,0.07692308,0.006056935,0.91702,0.07874016,12.7,0.9322417,,1,0.8333333,0.927696,0.8333333,0.05110664,0.001727806,0,0.000517101,0.0002123593,0.008485786
68.54976,"2020-04-01 13:11:39",泰国,1771,0,127,12,1632,0.0717109,0.006775833,0.9215133,0.09448819,10.58333,1,,1,1,1,1,0,0.001853389,0,0.000517101,0.0002548312,0.009147162
68.8103,"2020-04-01 19:26:50",泰国,1771,0,127,12,1632,0.0717109,0.006775833,0.9215133,0.09448819,10.58333,1,,1,1,1,1,0,0.001853389,0,0.000517101,0.0002548312,0.009147162
68.81311,"2020-04-01 19:30:53",泰国,1771,0,127,12,1632,0.0717109,0.006775833,0.9215133,0.09448819,10.58333,1,,1,1,1,1,0,0.001853389,0,0.000517101,0.0002548312,0.009147162
68.88901,"2020-04-01 21:20:10",泰国,1771,0,127,12,1632,0.0717109,0.006775833,0.9215133,0.09448819,10.58333,1,,1,1,1,1,0,0.001853389,0,0.000517101,0.0002548312,0.009147162
